#usda 1.0
(
    customLayerData = {
        string creator = "URDF USD Converter v0.3.2"
    }
    defaultPrim = "traquad"
    endTimeCode = 1000000
    kilogramsPerUnit = 1
    metersPerUnit = 1
    startTimeCode = 0
    upAxis = "Z"
)

over "traquad"
{
    over "Geometry"
    {
        over "base_link" (
            prepend apiSchemas = ["PhysicsRigidBodyAPI", "PhysicsArticulationRootAPI", "NewtonArticulationRootAPI", "PhysicsMassAPI", "NewtonMassAPI"]
        )
        {
            double[] newton:inertia = [0.03709263487, 0.06034030873, 0.09382856637, 0, 0.0006729834506, 0]
            bool newton:selfCollisionEnabled = 0
            point3f physics:centerOfMass = (-0.00055597565, -2.0487813e-12, 0.00036005676)
            float3 physics:diagonalInertia = (0.037084654, 0.060340308, 0.093836546)
            float physics:mass = 4.1
            quatf physics:principalAxes = (0.9999824, 2.220485e-16, 0.005929693, -4.732174e-18)

            over "LH_UPPER_LEG" (
                prepend apiSchemas = ["PhysicsRigidBodyAPI", "PhysicsMassAPI", "NewtonMassAPI"]
            )
            {
                double[] newton:inertia = [0.0002715470987182983, 0.0038524354887015896, 0.0038394565450448966, 0.00004208648630755239, -0.0000030566185759235224, -0.000002566282802065791]
                point3f physics:centerOfMass = (-0.07248736, 0.03158259, 0.0024812433)
                float3 physics:diagonalInertia = (0.00027104997, 0.003838974, 0.0038534151)
                float physics:mass = 0.6
                quatf physics:principalAxes = (0.7691713, 0.6390155, -0.0040805223, -0.004248076)

                over "body_left_H" (
                    prepend apiSchemas = ["PhysicsRigidBodyAPI", "PhysicsMassAPI", "NewtonMassAPI"]
                )
                {
                    double[] newton:inertia = [0.0001327248, 0.00010894585, 0.00009870185, 0.0000022533972500000003, 0.000010074317499999999, -0.000009427730000000002]
                    point3f physics:centerOfMass = (0.0238777, 0.0132172, -0.00412068)
                    float3 physics:diagonalInertia = (0.00009077622, 0.00011410806, 0.00013548823)
                    float physics:mass = 0.195
                    quatf physics:principalAxes = (-0.58846676, 0.19690546, 0.77126324, -0.14173236)

                    over "wheel_1_LEFT_H" (
                        prepend apiSchemas = ["PhysicsRigidBodyAPI", "PhysicsMassAPI", "NewtonMassAPI"]
                    )
                    {
                        double[] newton:inertia = [0.000004417958999999999, 0.000004417958999999999, 0.0000022546875, 0, 0, 0]
                        point3f physics:centerOfMass = (0, 0, -0.0225)
                        float3 physics:diagonalInertia = (0.0000022546874, 0.000004417959, 0.000004417959)
                        float physics:mass = 0.0195
                        quatf physics:principalAxes = (-0.5, 0.5, 0.5, 0.5)

                        over "wheel_1_LEFT_H_roller_0" (
                            prepend apiSchemas = ["PhysicsRigidBodyAPI", "PhysicsMassAPI", "NewtonMassAPI"]
                        )
                        {
                            double[] newton:inertia = [0.00001, 0.00001, 0.00001, 0, 0, 0]
                            float3 physics:diagonalInertia = (0.00001, 0.00001, 0.00001)
                            float physics:mass = 0.001625
                            quatf physics:principalAxes = (1, 0, 0, 0)

                            over "sphere_1" (
                                prepend apiSchemas = ["NewtonCollisionAPI"]
                            )
                            {
                            }
                        }

                        over "wheel_1_LEFT_H_roller_1" (
                            prepend apiSchemas = ["PhysicsRigidBodyAPI", "PhysicsMassAPI", "NewtonMassAPI"]
                        )
                        {
                            double[] newton:inertia = [0.00001, 0.00001, 0.00001, 0, 0, 0]
                            float3 physics:diagonalInertia = (0.00001, 0.00001, 0.00001)
                            float physics:mass = 0.001625
                            quatf physics:principalAxes = (1, 0, 0, 0)

                            over "sphere_1" (
                                prepend apiSchemas = ["NewtonCollisionAPI"]
                            )
                            {
                            }
                        }

                        over "wheel_1_LEFT_H_roller_2" (
                            prepend apiSchemas = ["PhysicsRigidBodyAPI", "PhysicsMassAPI", "NewtonMassAPI"]
                        )
                        {
                            double[] newton:inertia = [0.00001, 0.00001, 0.00001, 0, 0, 0]
                            float3 physics:diagonalInertia = (0.00001, 0.00001, 0.00001)
                            float physics:mass = 0.001625
                            quatf physics:principalAxes = (1, 0, 0, 0)

                            over "sphere_1" (
                                prepend apiSchemas = ["NewtonCollisionAPI"]
                            )
                            {
                            }
                        }

                        over "wheel_1_LEFT_H_roller_3" (
                            prepend apiSchemas = ["PhysicsRigidBodyAPI", "PhysicsMassAPI", "NewtonMassAPI"]
                        )
                        {
                            double[] newton:inertia = [0.00001, 0.00001, 0.00001, 0, 0, 0]
                            float3 physics:diagonalInertia = (0.00001, 0.00001, 0.00001)
                            float physics:mass = 0.001625
                            quatf physics:principalAxes = (1, 0, 0, 0)

                            over "sphere_1" (
                                prepend apiSchemas = ["NewtonCollisionAPI"]
                            )
                            {
                            }
                        }

                        over "wheel_1_LEFT_H_roller_4" (
                            prepend apiSchemas = ["PhysicsRigidBodyAPI", "PhysicsMassAPI", "NewtonMassAPI"]
                        )
                        {
                            double[] newton:inertia = [0.00001, 0.00001, 0.00001, 0, 0, 0]
                            float3 physics:diagonalInertia = (0.00001, 0.00001, 0.00001)
                            float physics:mass = 0.001625
                            quatf physics:principalAxes = (1, 0, 0, 0)

                            over "sphere_1" (
                                prepend apiSchemas = ["NewtonCollisionAPI"]
                            )
                            {
                            }
                        }

                        over "wheel_1_LEFT_H_roller_5" (
                            prepend apiSchemas = ["PhysicsRigidBodyAPI", "PhysicsMassAPI", "NewtonMassAPI"]
                        )
                        {
                            double[] newton:inertia = [0.00001, 0.00001, 0.00001, 0, 0, 0]
                            float3 physics:diagonalInertia = (0.00001, 0.00001, 0.00001)
                            float physics:mass = 0.001625
                            quatf physics:principalAxes = (1, 0, 0, 0)

                            over "sphere_1" (
                                prepend apiSchemas = ["NewtonCollisionAPI"]
                            )
                            {
                            }
                        }

                        over "wheel_1_LEFT_H_roller_6" (
                            prepend apiSchemas = ["PhysicsRigidBodyAPI", "PhysicsMassAPI", "NewtonMassAPI"]
                        )
                        {
                            double[] newton:inertia = [0.00001, 0.00001, 0.00001, 0, 0, 0]
                            float3 physics:diagonalInertia = (0.00001, 0.00001, 0.00001)
                            float physics:mass = 0.001625
                            quatf physics:principalAxes = (1, 0, 0, 0)

                            over "sphere_1" (
                                prepend apiSchemas = ["NewtonCollisionAPI"]
                            )
                            {
                            }
                        }

                        over "wheel_1_LEFT_H_roller_7" (
                            prepend apiSchemas = ["PhysicsRigidBodyAPI", "PhysicsMassAPI", "NewtonMassAPI"]
                        )
                        {
                            double[] newton:inertia = [0.00001, 0.00001, 0.00001, 0, 0, 0]
                            float3 physics:diagonalInertia = (0.00001, 0.00001, 0.00001)
                            float physics:mass = 0.001625
                            quatf physics:principalAxes = (1, 0, 0, 0)

                            over "sphere_1" (
                                prepend apiSchemas = ["NewtonCollisionAPI"]
                            )
                            {
                            }
                        }
                    }

                    over "wheel_2_LEFT_H" (
                        prepend apiSchemas = ["PhysicsRigidBodyAPI", "PhysicsMassAPI", "NewtonMassAPI"]
                    )
                    {
                        double[] newton:inertia = [0.000004417958999999999, 0.000004417958999999999, 0.0000022546875, 0, 0, 0]
                        point3f physics:centerOfMass = (0, 0, -0.0225)
                        float3 physics:diagonalInertia = (0.0000022546874, 0.000004417959, 0.000004417959)
                        float physics:mass = 0.0195
                        quatf physics:principalAxes = (-0.5, 0.5, 0.5, 0.5)

                        over "wheel_2_LEFT_H_roller_0" (
                            prepend apiSchemas = ["PhysicsRigidBodyAPI", "PhysicsMassAPI", "NewtonMassAPI"]
                        )
                        {
                            double[] newton:inertia = [0.00001, 0.00001, 0.00001, 0, 0, 0]
                            float3 physics:diagonalInertia = (0.00001, 0.00001, 0.00001)
                            float physics:mass = 0.001625
                            quatf physics:principalAxes = (1, 0, 0, 0)

                            over "sphere_1" (
                                prepend apiSchemas = ["NewtonCollisionAPI"]
                            )
                            {
                            }
                        }

                        over "wheel_2_LEFT_H_roller_1" (
                            prepend apiSchemas = ["PhysicsRigidBodyAPI", "PhysicsMassAPI", "NewtonMassAPI"]
                        )
                        {
                            double[] newton:inertia = [0.00001, 0.00001, 0.00001, 0, 0, 0]
                            float3 physics:diagonalInertia = (0.00001, 0.00001, 0.00001)
                            float physics:mass = 0.001625
                            quatf physics:principalAxes = (1, 0, 0, 0)

                            over "sphere_1" (
                                prepend apiSchemas = ["NewtonCollisionAPI"]
                            )
                            {
                            }
                        }

                        over "wheel_2_LEFT_H_roller_2" (
                            prepend apiSchemas = ["PhysicsRigidBodyAPI", "PhysicsMassAPI", "NewtonMassAPI"]
                        )
                        {
                            double[] newton:inertia = [0.00001, 0.00001, 0.00001, 0, 0, 0]
                            float3 physics:diagonalInertia = (0.00001, 0.00001, 0.00001)
                            float physics:mass = 0.001625
                            quatf physics:principalAxes = (1, 0, 0, 0)

                            over "sphere_1" (
                                prepend apiSchemas = ["NewtonCollisionAPI"]
                            )
                            {
                            }
                        }

                        over "wheel_2_LEFT_H_roller_3" (
                            prepend apiSchemas = ["PhysicsRigidBodyAPI", "PhysicsMassAPI", "NewtonMassAPI"]
                        )
                        {
                            double[] newton:inertia = [0.00001, 0.00001, 0.00001, 0, 0, 0]
                            float3 physics:diagonalInertia = (0.00001, 0.00001, 0.00001)
                            float physics:mass = 0.001625
                            quatf physics:principalAxes = (1, 0, 0, 0)

                            over "sphere_1" (
                                prepend apiSchemas = ["NewtonCollisionAPI"]
                            )
                            {
                            }
                        }

                        over "wheel_2_LEFT_H_roller_4" (
                            prepend apiSchemas = ["PhysicsRigidBodyAPI", "PhysicsMassAPI", "NewtonMassAPI"]
                        )
                        {
                            double[] newton:inertia = [0.00001, 0.00001, 0.00001, 0, 0, 0]
                            float3 physics:diagonalInertia = (0.00001, 0.00001, 0.00001)
                            float physics:mass = 0.001625
                            quatf physics:principalAxes = (1, 0, 0, 0)

                            over "sphere_1" (
                                prepend apiSchemas = ["NewtonCollisionAPI"]
                            )
                            {
                            }
                        }

                        over "wheel_2_LEFT_H_roller_5" (
                            prepend apiSchemas = ["PhysicsRigidBodyAPI", "PhysicsMassAPI", "NewtonMassAPI"]
                        )
                        {
                            double[] newton:inertia = [0.00001, 0.00001, 0.00001, 0, 0, 0]
                            float3 physics:diagonalInertia = (0.00001, 0.00001, 0.00001)
                            float physics:mass = 0.001625
                            quatf physics:principalAxes = (1, 0, 0, 0)

                            over "sphere_1" (
                                prepend apiSchemas = ["NewtonCollisionAPI"]
                            )
                            {
                            }
                        }

                        over "wheel_2_LEFT_H_roller_6" (
                            prepend apiSchemas = ["PhysicsRigidBodyAPI", "PhysicsMassAPI", "NewtonMassAPI"]
                        )
                        {
                            double[] newton:inertia = [0.00001, 0.00001, 0.00001, 0, 0, 0]
                            float3 physics:diagonalInertia = (0.00001, 0.00001, 0.00001)
                            float physics:mass = 0.001625
                            quatf physics:principalAxes = (1, 0, 0, 0)

                            over "sphere_1" (
                                prepend apiSchemas = ["NewtonCollisionAPI"]
                            )
                            {
                            }
                        }

                        over "wheel_2_LEFT_H_roller_7" (
                            prepend apiSchemas = ["PhysicsRigidBodyAPI", "PhysicsMassAPI", "NewtonMassAPI"]
                        )
                        {
                            double[] newton:inertia = [0.00001, 0.00001, 0.00001, 0, 0, 0]
                            float3 physics:diagonalInertia = (0.00001, 0.00001, 0.00001)
                            float physics:mass = 0.001625
                            quatf physics:principalAxes = (1, 0, 0, 0)

                            over "sphere_1" (
                                prepend apiSchemas = ["NewtonCollisionAPI"]
                            )
                            {
                            }
                        }
                    }

                    over "wheel_3_LEFT_H" (
                        prepend apiSchemas = ["PhysicsRigidBodyAPI", "PhysicsMassAPI", "NewtonMassAPI"]
                    )
                    {
                        double[] newton:inertia = [0.000004417958999999999, 0.000004417958999999999, 0.0000022546875, 0, 0, 0]
                        point3f physics:centerOfMass = (0, 0, -0.0225)
                        float3 physics:diagonalInertia = (0.0000022546874, 0.000004417959, 0.000004417959)
                        float physics:mass = 0.0195
                        quatf physics:principalAxes = (-0.5, 0.5, 0.5, 0.5)

                        over "wheel_3_LEFT_H_roller_0" (
                            prepend apiSchemas = ["PhysicsRigidBodyAPI", "PhysicsMassAPI", "NewtonMassAPI"]
                        )
                        {
                            double[] newton:inertia = [0.00001, 0.00001, 0.00001, 0, 0, 0]
                            float3 physics:diagonalInertia = (0.00001, 0.00001, 0.00001)
                            float physics:mass = 0.001625
                            quatf physics:principalAxes = (1, 0, 0, 0)

                            over "sphere_1" (
                                prepend apiSchemas = ["NewtonCollisionAPI"]
                            )
                            {
                            }
                        }

                        over "wheel_3_LEFT_H_roller_1" (
                            prepend apiSchemas = ["PhysicsRigidBodyAPI", "PhysicsMassAPI", "NewtonMassAPI"]
                        )
                        {
                            double[] newton:inertia = [0.00001, 0.00001, 0.00001, 0, 0, 0]
                            float3 physics:diagonalInertia = (0.00001, 0.00001, 0.00001)
                            float physics:mass = 0.001625
                            quatf physics:principalAxes = (1, 0, 0, 0)

                            over "sphere_1" (
                                prepend apiSchemas = ["NewtonCollisionAPI"]
                            )
                            {
                            }
                        }

                        over "wheel_3_LEFT_H_roller_2" (
                            prepend apiSchemas = ["PhysicsRigidBodyAPI", "PhysicsMassAPI", "NewtonMassAPI"]
                        )
                        {
                            double[] newton:inertia = [0.00001, 0.00001, 0.00001, 0, 0, 0]
                            float3 physics:diagonalInertia = (0.00001, 0.00001, 0.00001)
                            float physics:mass = 0.001625
                            quatf physics:principalAxes = (1, 0, 0, 0)

                            over "sphere_1" (
                                prepend apiSchemas = ["NewtonCollisionAPI"]
                            )
                            {
                            }
                        }

                        over "wheel_3_LEFT_H_roller_3" (
                            prepend apiSchemas = ["PhysicsRigidBodyAPI", "PhysicsMassAPI", "NewtonMassAPI"]
                        )
                        {
                            double[] newton:inertia = [0.00001, 0.00001, 0.00001, 0, 0, 0]
                            float3 physics:diagonalInertia = (0.00001, 0.00001, 0.00001)
                            float physics:mass = 0.001625
                            quatf physics:principalAxes = (1, 0, 0, 0)

                            over "sphere_1" (
                                prepend apiSchemas = ["NewtonCollisionAPI"]
                            )
                            {
                            }
                        }

                        over "wheel_3_LEFT_H_roller_4" (
                            prepend apiSchemas = ["PhysicsRigidBodyAPI", "PhysicsMassAPI", "NewtonMassAPI"]
                        )
                        {
                            double[] newton:inertia = [0.00001, 0.00001, 0.00001, 0, 0, 0]
                            float3 physics:diagonalInertia = (0.00001, 0.00001, 0.00001)
                            float physics:mass = 0.001625
                            quatf physics:principalAxes = (1, 0, 0, 0)

                            over "sphere_1" (
                                prepend apiSchemas = ["NewtonCollisionAPI"]
                            )
                            {
                            }
                        }

                        over "wheel_3_LEFT_H_roller_5" (
                            prepend apiSchemas = ["PhysicsRigidBodyAPI", "PhysicsMassAPI", "NewtonMassAPI"]
                        )
                        {
                            double[] newton:inertia = [0.00001, 0.00001, 0.00001, 0, 0, 0]
                            float3 physics:diagonalInertia = (0.00001, 0.00001, 0.00001)
                            float physics:mass = 0.001625
                            quatf physics:principalAxes = (1, 0, 0, 0)

                            over "sphere_1" (
                                prepend apiSchemas = ["NewtonCollisionAPI"]
                            )
                            {
                            }
                        }

                        over "wheel_3_LEFT_H_roller_6" (
                            prepend apiSchemas = ["PhysicsRigidBodyAPI", "PhysicsMassAPI", "NewtonMassAPI"]
                        )
                        {
                            double[] newton:inertia = [0.00001, 0.00001, 0.00001, 0, 0, 0]
                            float3 physics:diagonalInertia = (0.00001, 0.00001, 0.00001)
                            float physics:mass = 0.001625
                            quatf physics:principalAxes = (1, 0, 0, 0)

                            over "sphere_1" (
                                prepend apiSchemas = ["NewtonCollisionAPI"]
                            )
                            {
                            }
                        }

                        over "wheel_3_LEFT_H_roller_7" (
                            prepend apiSchemas = ["PhysicsRigidBodyAPI", "PhysicsMassAPI", "NewtonMassAPI"]
                        )
                        {
                            double[] newton:inertia = [0.00001, 0.00001, 0.00001, 0, 0, 0]
                            float3 physics:diagonalInertia = (0.00001, 0.00001, 0.00001)
                            float physics:mass = 0.001625
                            quatf physics:principalAxes = (1, 0, 0, 0)

                            over "sphere_1" (
                                prepend apiSchemas = ["NewtonCollisionAPI"]
                            )
                            {
                            }
                        }
                    }

                    over "wheel_4_LEFT_H" (
                        prepend apiSchemas = ["PhysicsRigidBodyAPI", "PhysicsMassAPI", "NewtonMassAPI"]
                    )
                    {
                        double[] newton:inertia = [0.000007363264999999999, 0.000007363264999999999, 0.0000037578125000000007, 0, 0, 0]
                        point3f physics:centerOfMass = (0, 0, -0.0225)
                        float3 physics:diagonalInertia = (0.0000037578125, 0.000007363265, 0.000007363265)
                        float physics:mass = 0.0325
                        quatf physics:principalAxes = (-0.5, 0.5, 0.5, 0.5)

                        over "cylinder" (
                            prepend apiSchemas = ["NewtonCollisionAPI"]
                        )
                        {
                        }
                    }

                    over "box" (
                        prepend apiSchemas = ["NewtonCollisionAPI"]
                    )
                    {
                    }
                }

                over "box" (
                    prepend apiSchemas = ["NewtonCollisionAPI"]
                )
                {
                }
            }

            over "LF_UPPER_LEG" (
                prepend apiSchemas = ["PhysicsRigidBodyAPI", "PhysicsMassAPI", "NewtonMassAPI"]
            )
            {
                double[] newton:inertia = [0.0002715470987182983, 0.0038524354887015896, 0.0038394565450448966, -0.00004208648630755239, -0.0000030566185759235224, -0.000002566282802065791]
                point3f physics:centerOfMass = (0.07248736, 0.03158259, -0.0024812433)
                float3 physics:diagonalInertia = (0.00027104985, 0.0038389997, 0.0038533895)
                float physics:mass = 0.6
                quatf physics:principalAxes = (0.76767856, 0.640808, 0.0034332597, 0.0047879)

                over "body_left_F" (
                    prepend apiSchemas = ["PhysicsRigidBodyAPI", "PhysicsMassAPI", "NewtonMassAPI"]
                )
                {
                    double[] newton:inertia = [0.0001327248, 0.00010894585, 0.00009870185, 0.0000022533972500000003, 0.000010074317499999999, -0.000009427730000000002]
                    point3f physics:centerOfMass = (0.0238777, 0.0132172, -0.00412068)
                    float3 physics:diagonalInertia = (0.00009077622, 0.00011410806, 0.00013548823)
                    float physics:mass = 0.195
                    quatf physics:principalAxes = (-0.58846676, 0.19690546, 0.77126324, -0.14173236)

                    over "wheel_1_LEFT_F" (
                        prepend apiSchemas = ["PhysicsRigidBodyAPI", "PhysicsMassAPI", "NewtonMassAPI"]
                    )
                    {
                        double[] newton:inertia = [0.000004417958999999999, 0.000004417958999999999, 0.0000022546875, 0, 0, 0]
                        point3f physics:centerOfMass = (0, 0, -0.0225)
                        float3 physics:diagonalInertia = (0.0000022546874, 0.000004417959, 0.000004417959)
                        float physics:mass = 0.0195
                        quatf physics:principalAxes = (-0.5, 0.5, 0.5, 0.5)

                        over "wheel_1_LEFT_F_roller_0" (
                            prepend apiSchemas = ["PhysicsRigidBodyAPI", "PhysicsMassAPI", "NewtonMassAPI"]
                        )
                        {
                            double[] newton:inertia = [0.00001, 0.00001, 0.00001, 0, 0, 0]
                            float3 physics:diagonalInertia = (0.00001, 0.00001, 0.00001)
                            float physics:mass = 0.001625
                            quatf physics:principalAxes = (1, 0, 0, 0)

                            over "sphere_1" (
                                prepend apiSchemas = ["NewtonCollisionAPI"]
                            )
                            {
                            }
                        }

                        over "wheel_1_LEFT_F_roller_1" (
                            prepend apiSchemas = ["PhysicsRigidBodyAPI", "PhysicsMassAPI", "NewtonMassAPI"]
                        )
                        {
                            double[] newton:inertia = [0.00001, 0.00001, 0.00001, 0, 0, 0]
                            float3 physics:diagonalInertia = (0.00001, 0.00001, 0.00001)
                            float physics:mass = 0.001625
                            quatf physics:principalAxes = (1, 0, 0, 0)

                            over "sphere_1" (
                                prepend apiSchemas = ["NewtonCollisionAPI"]
                            )
                            {
                            }
                        }

                        over "wheel_1_LEFT_F_roller_2" (
                            prepend apiSchemas = ["PhysicsRigidBodyAPI", "PhysicsMassAPI", "NewtonMassAPI"]
                        )
                        {
                            double[] newton:inertia = [0.00001, 0.00001, 0.00001, 0, 0, 0]
                            float3 physics:diagonalInertia = (0.00001, 0.00001, 0.00001)
                            float physics:mass = 0.001625
                            quatf physics:principalAxes = (1, 0, 0, 0)

                            over "sphere_1" (
                                prepend apiSchemas = ["NewtonCollisionAPI"]
                            )
                            {
                            }
                        }

                        over "wheel_1_LEFT_F_roller_3" (
                            prepend apiSchemas = ["PhysicsRigidBodyAPI", "PhysicsMassAPI", "NewtonMassAPI"]
                        )
                        {
                            double[] newton:inertia = [0.00001, 0.00001, 0.00001, 0, 0, 0]
                            float3 physics:diagonalInertia = (0.00001, 0.00001, 0.00001)
                            float physics:mass = 0.001625
                            quatf physics:principalAxes = (1, 0, 0, 0)

                            over "sphere_1" (
                                prepend apiSchemas = ["NewtonCollisionAPI"]
                            )
                            {
                            }
                        }

                        over "wheel_1_LEFT_F_roller_4" (
                            prepend apiSchemas = ["PhysicsRigidBodyAPI", "PhysicsMassAPI", "NewtonMassAPI"]
                        )
                        {
                            double[] newton:inertia = [0.00001, 0.00001, 0.00001, 0, 0, 0]
                            float3 physics:diagonalInertia = (0.00001, 0.00001, 0.00001)
                            float physics:mass = 0.001625
                            quatf physics:principalAxes = (1, 0, 0, 0)

                            over "sphere_1" (
                                prepend apiSchemas = ["NewtonCollisionAPI"]
                            )
                            {
                            }
                        }

                        over "wheel_1_LEFT_F_roller_5" (
                            prepend apiSchemas = ["PhysicsRigidBodyAPI", "PhysicsMassAPI", "NewtonMassAPI"]
                        )
                        {
                            double[] newton:inertia = [0.00001, 0.00001, 0.00001, 0, 0, 0]
                            float3 physics:diagonalInertia = (0.00001, 0.00001, 0.00001)
                            float physics:mass = 0.001625
                            quatf physics:principalAxes = (1, 0, 0, 0)

                            over "sphere_1" (
                                prepend apiSchemas = ["NewtonCollisionAPI"]
                            )
                            {
                            }
                        }

                        over "wheel_1_LEFT_F_roller_6" (
                            prepend apiSchemas = ["PhysicsRigidBodyAPI", "PhysicsMassAPI", "NewtonMassAPI"]
                        )
                        {
                            double[] newton:inertia = [0.00001, 0.00001, 0.00001, 0, 0, 0]
                            float3 physics:diagonalInertia = (0.00001, 0.00001, 0.00001)
                            float physics:mass = 0.001625
                            quatf physics:principalAxes = (1, 0, 0, 0)

                            over "sphere_1" (
                                prepend apiSchemas = ["NewtonCollisionAPI"]
                            )
                            {
                            }
                        }

                        over "wheel_1_LEFT_F_roller_7" (
                            prepend apiSchemas = ["PhysicsRigidBodyAPI", "PhysicsMassAPI", "NewtonMassAPI"]
                        )
                        {
                            double[] newton:inertia = [0.00001, 0.00001, 0.00001, 0, 0, 0]
                            float3 physics:diagonalInertia = (0.00001, 0.00001, 0.00001)
                            float physics:mass = 0.001625
                            quatf physics:principalAxes = (1, 0, 0, 0)

                            over "sphere_1" (
                                prepend apiSchemas = ["NewtonCollisionAPI"]
                            )
                            {
                            }
                        }
                    }

                    over "wheel_2_LEFT_F" (
                        prepend apiSchemas = ["PhysicsRigidBodyAPI", "PhysicsMassAPI", "NewtonMassAPI"]
                    )
                    {
                        double[] newton:inertia = [0.000004417958999999999, 0.000004417958999999999, 0.0000022546875, 0, 0, 0]
                        point3f physics:centerOfMass = (0, 0, -0.0225)
                        float3 physics:diagonalInertia = (0.0000022546874, 0.000004417959, 0.000004417959)
                        float physics:mass = 0.0195
                        quatf physics:principalAxes = (-0.5, 0.5, 0.5, 0.5)

                        over "wheel_2_LEFT_F_roller_0" (
                            prepend apiSchemas = ["PhysicsRigidBodyAPI", "PhysicsMassAPI", "NewtonMassAPI"]
                        )
                        {
                            double[] newton:inertia = [0.00001, 0.00001, 0.00001, 0, 0, 0]
                            float3 physics:diagonalInertia = (0.00001, 0.00001, 0.00001)
                            float physics:mass = 0.001625
                            quatf physics:principalAxes = (1, 0, 0, 0)

                            over "sphere_1" (
                                prepend apiSchemas = ["NewtonCollisionAPI"]
                            )
                            {
                            }
                        }

                        over "wheel_2_LEFT_F_roller_1" (
                            prepend apiSchemas = ["PhysicsRigidBodyAPI", "PhysicsMassAPI", "NewtonMassAPI"]
                        )
                        {
                            double[] newton:inertia = [0.00001, 0.00001, 0.00001, 0, 0, 0]
                            float3 physics:diagonalInertia = (0.00001, 0.00001, 0.00001)
                            float physics:mass = 0.001625
                            quatf physics:principalAxes = (1, 0, 0, 0)

                            over "sphere_1" (
                                prepend apiSchemas = ["NewtonCollisionAPI"]
                            )
                            {
                            }
                        }

                        over "wheel_2_LEFT_F_roller_2" (
                            prepend apiSchemas = ["PhysicsRigidBodyAPI", "PhysicsMassAPI", "NewtonMassAPI"]
                        )
                        {
                            double[] newton:inertia = [0.00001, 0.00001, 0.00001, 0, 0, 0]
                            float3 physics:diagonalInertia = (0.00001, 0.00001, 0.00001)
                            float physics:mass = 0.001625
                            quatf physics:principalAxes = (1, 0, 0, 0)

                            over "sphere_1" (
                                prepend apiSchemas = ["NewtonCollisionAPI"]
                            )
                            {
                            }
                        }

                        over "wheel_2_LEFT_F_roller_3" (
                            prepend apiSchemas = ["PhysicsRigidBodyAPI", "PhysicsMassAPI", "NewtonMassAPI"]
                        )
                        {
                            double[] newton:inertia = [0.00001, 0.00001, 0.00001, 0, 0, 0]
                            float3 physics:diagonalInertia = (0.00001, 0.00001, 0.00001)
                            float physics:mass = 0.001625
                            quatf physics:principalAxes = (1, 0, 0, 0)

                            over "sphere_1" (
                                prepend apiSchemas = ["NewtonCollisionAPI"]
                            )
                            {
                            }
                        }

                        over "wheel_2_LEFT_F_roller_4" (
                            prepend apiSchemas = ["PhysicsRigidBodyAPI", "PhysicsMassAPI", "NewtonMassAPI"]
                        )
                        {
                            double[] newton:inertia = [0.00001, 0.00001, 0.00001, 0, 0, 0]
                            float3 physics:diagonalInertia = (0.00001, 0.00001, 0.00001)
                            float physics:mass = 0.001625
                            quatf physics:principalAxes = (1, 0, 0, 0)

                            over "sphere_1" (
                                prepend apiSchemas = ["NewtonCollisionAPI"]
                            )
                            {
                            }
                        }

                        over "wheel_2_LEFT_F_roller_5" (
                            prepend apiSchemas = ["PhysicsRigidBodyAPI", "PhysicsMassAPI", "NewtonMassAPI"]
                        )
                        {
                            double[] newton:inertia = [0.00001, 0.00001, 0.00001, 0, 0, 0]
                            float3 physics:diagonalInertia = (0.00001, 0.00001, 0.00001)
                            float physics:mass = 0.001625
                            quatf physics:principalAxes = (1, 0, 0, 0)

                            over "sphere_1" (
                                prepend apiSchemas = ["NewtonCollisionAPI"]
                            )
                            {
                            }
                        }

                        over "wheel_2_LEFT_F_roller_6" (
                            prepend apiSchemas = ["PhysicsRigidBodyAPI", "PhysicsMassAPI", "NewtonMassAPI"]
                        )
                        {
                            double[] newton:inertia = [0.00001, 0.00001, 0.00001, 0, 0, 0]
                            float3 physics:diagonalInertia = (0.00001, 0.00001, 0.00001)
                            float physics:mass = 0.001625
                            quatf physics:principalAxes = (1, 0, 0, 0)

                            over "sphere_1" (
                                prepend apiSchemas = ["NewtonCollisionAPI"]
                            )
                            {
                            }
                        }

                        over "wheel_2_LEFT_F_roller_7" (
                            prepend apiSchemas = ["PhysicsRigidBodyAPI", "PhysicsMassAPI", "NewtonMassAPI"]
                        )
                        {
                            double[] newton:inertia = [0.00001, 0.00001, 0.00001, 0, 0, 0]
                            float3 physics:diagonalInertia = (0.00001, 0.00001, 0.00001)
                            float physics:mass = 0.001625
                            quatf physics:principalAxes = (1, 0, 0, 0)

                            over "sphere_1" (
                                prepend apiSchemas = ["NewtonCollisionAPI"]
                            )
                            {
                            }
                        }
                    }

                    over "wheel_3_LEFT_F" (
                        prepend apiSchemas = ["PhysicsRigidBodyAPI", "PhysicsMassAPI", "NewtonMassAPI"]
                    )
                    {
                        double[] newton:inertia = [0.000004417958999999999, 0.000004417958999999999, 0.0000022546875, 0, 0, 0]
                        point3f physics:centerOfMass = (0, 0, -0.0225)
                        float3 physics:diagonalInertia = (0.0000022546874, 0.000004417959, 0.000004417959)
                        float physics:mass = 0.0195
                        quatf physics:principalAxes = (-0.5, 0.5, 0.5, 0.5)

                        over "wheel_3_LEFT_F_roller_0" (
                            prepend apiSchemas = ["PhysicsRigidBodyAPI", "PhysicsMassAPI", "NewtonMassAPI"]
                        )
                        {
                            double[] newton:inertia = [0.00001, 0.00001, 0.00001, 0, 0, 0]
                            float3 physics:diagonalInertia = (0.00001, 0.00001, 0.00001)
                            float physics:mass = 0.001625
                            quatf physics:principalAxes = (1, 0, 0, 0)

                            over "sphere_1" (
                                prepend apiSchemas = ["NewtonCollisionAPI"]
                            )
                            {
                            }
                        }

                        over "wheel_3_LEFT_F_roller_1" (
                            prepend apiSchemas = ["PhysicsRigidBodyAPI", "PhysicsMassAPI", "NewtonMassAPI"]
                        )
                        {
                            double[] newton:inertia = [0.00001, 0.00001, 0.00001, 0, 0, 0]
                            float3 physics:diagonalInertia = (0.00001, 0.00001, 0.00001)
                            float physics:mass = 0.001625
                            quatf physics:principalAxes = (1, 0, 0, 0)

                            over "sphere_1" (
                                prepend apiSchemas = ["NewtonCollisionAPI"]
                            )
                            {
                            }
                        }

                        over "wheel_3_LEFT_F_roller_2" (
                            prepend apiSchemas = ["PhysicsRigidBodyAPI", "PhysicsMassAPI", "NewtonMassAPI"]
                        )
                        {
                            double[] newton:inertia = [0.00001, 0.00001, 0.00001, 0, 0, 0]
                            float3 physics:diagonalInertia = (0.00001, 0.00001, 0.00001)
                            float physics:mass = 0.001625
                            quatf physics:principalAxes = (1, 0, 0, 0)

                            over "sphere_1" (
                                prepend apiSchemas = ["NewtonCollisionAPI"]
                            )
                            {
                            }
                        }

                        over "wheel_3_LEFT_F_roller_3" (
                            prepend apiSchemas = ["PhysicsRigidBodyAPI", "PhysicsMassAPI", "NewtonMassAPI"]
                        )
                        {
                            double[] newton:inertia = [0.00001, 0.00001, 0.00001, 0, 0, 0]
                            float3 physics:diagonalInertia = (0.00001, 0.00001, 0.00001)
                            float physics:mass = 0.001625
                            quatf physics:principalAxes = (1, 0, 0, 0)

                            over "sphere_1" (
                                prepend apiSchemas = ["NewtonCollisionAPI"]
                            )
                            {
                            }
                        }

                        over "wheel_3_LEFT_F_roller_4" (
                            prepend apiSchemas = ["PhysicsRigidBodyAPI", "PhysicsMassAPI", "NewtonMassAPI"]
                        )
                        {
                            double[] newton:inertia = [0.00001, 0.00001, 0.00001, 0, 0, 0]
                            float3 physics:diagonalInertia = (0.00001, 0.00001, 0.00001)
                            float physics:mass = 0.001625
                            quatf physics:principalAxes = (1, 0, 0, 0)

                            over "sphere_1" (
                                prepend apiSchemas = ["NewtonCollisionAPI"]
                            )
                            {
                            }
                        }

                        over "wheel_3_LEFT_F_roller_5" (
                            prepend apiSchemas = ["PhysicsRigidBodyAPI", "PhysicsMassAPI", "NewtonMassAPI"]
                        )
                        {
                            double[] newton:inertia = [0.00001, 0.00001, 0.00001, 0, 0, 0]
                            float3 physics:diagonalInertia = (0.00001, 0.00001, 0.00001)
                            float physics:mass = 0.001625
                            quatf physics:principalAxes = (1, 0, 0, 0)

                            over "sphere_1" (
                                prepend apiSchemas = ["NewtonCollisionAPI"]
                            )
                            {
                            }
                        }

                        over "wheel_3_LEFT_F_roller_6" (
                            prepend apiSchemas = ["PhysicsRigidBodyAPI", "PhysicsMassAPI", "NewtonMassAPI"]
                        )
                        {
                            double[] newton:inertia = [0.00001, 0.00001, 0.00001, 0, 0, 0]
                            float3 physics:diagonalInertia = (0.00001, 0.00001, 0.00001)
                            float physics:mass = 0.001625
                            quatf physics:principalAxes = (1, 0, 0, 0)

                            over "sphere_1" (
                                prepend apiSchemas = ["NewtonCollisionAPI"]
                            )
                            {
                            }
                        }

                        over "wheel_3_LEFT_F_roller_7" (
                            prepend apiSchemas = ["PhysicsRigidBodyAPI", "PhysicsMassAPI", "NewtonMassAPI"]
                        )
                        {
                            double[] newton:inertia = [0.00001, 0.00001, 0.00001, 0, 0, 0]
                            float3 physics:diagonalInertia = (0.00001, 0.00001, 0.00001)
                            float physics:mass = 0.001625
                            quatf physics:principalAxes = (1, 0, 0, 0)

                            over "sphere_1" (
                                prepend apiSchemas = ["NewtonCollisionAPI"]
                            )
                            {
                            }
                        }
                    }

                    over "wheel_4_LEFT_F" (
                        prepend apiSchemas = ["PhysicsRigidBodyAPI", "PhysicsMassAPI", "NewtonMassAPI"]
                    )
                    {
                        double[] newton:inertia = [0.000007363264999999999, 0.000007363264999999999, 0.0000037578125000000007, 0, 0, 0]
                        point3f physics:centerOfMass = (0, 0, -0.0225)
                        float3 physics:diagonalInertia = (0.0000037578125, 0.000007363265, 0.000007363265)
                        float physics:mass = 0.0325
                        quatf physics:principalAxes = (-0.5, 0.5, 0.5, 0.5)

                        over "cylinder" (
                            prepend apiSchemas = ["NewtonCollisionAPI"]
                        )
                        {
                        }
                    }

                    over "box" (
                        prepend apiSchemas = ["NewtonCollisionAPI"]
                    )
                    {
                    }
                }

                over "box" (
                    prepend apiSchemas = ["NewtonCollisionAPI"]
                )
                {
                }
            }

            over "RF_UPPER_LEG" (
                prepend apiSchemas = ["PhysicsRigidBodyAPI", "PhysicsMassAPI", "NewtonMassAPI"]
            )
            {
                double[] newton:inertia = [0.0002715470987182983, 0.0038524354887015896, 0.0038394565450448966, 0.00004208648630755239, -0.0000030566185759235224, 0.000002566282802065791]
                point3f physics:centerOfMass = (0.07248736, -0.03158259, -0.0024812433)
                float3 physics:diagonalInertia = (0.00027104985, 0.0038389997, 0.0038533895)
                float physics:mass = 0.6
                quatf physics:principalAxes = (0.640808, 0.76767856, -0.0047879, -0.0034332597)

                over "body_right_F" (
                    prepend apiSchemas = ["PhysicsRigidBodyAPI", "PhysicsMassAPI", "NewtonMassAPI"]
                )
                {
                    double[] newton:inertia = [0.0001327248, 0.00009870185, 0.00010894585, 0.000010074317499999999, -0.0000022533972500000003, 0.000009427730000000002]
                    point3f physics:centerOfMass = (-0.0238777, 0.00412068, 0.0132172)
                    float3 physics:diagonalInertia = (0.00009077622, 0.00011410806, 0.00013548823)
                    float physics:mass = 0.195
                    quatf physics:principalAxes = (0.555342, 0.27687564, 0.6455854, 0.44514558)

                    over "wheel_1_RIGHT_F" (
                        prepend apiSchemas = ["PhysicsRigidBodyAPI", "PhysicsMassAPI", "NewtonMassAPI"]
                    )
                    {
                        double[] newton:inertia = [0.000004417958999999999, 0.000004417958999999999, 0.0000022546875, 0, 0, 0]
                        point3f physics:centerOfMass = (0, 0, -0.0225)
                        float3 physics:diagonalInertia = (0.0000022546874, 0.000004417959, 0.000004417959)
                        float physics:mass = 0.0195
                        quatf physics:principalAxes = (-0.5, 0.5, 0.5, 0.5)

                        over "wheel_1_RIGHT_F_roller_0" (
                            prepend apiSchemas = ["PhysicsRigidBodyAPI", "PhysicsMassAPI", "NewtonMassAPI"]
                        )
                        {
                            double[] newton:inertia = [0.00001, 0.00001, 0.00001, 0, 0, 0]
                            float3 physics:diagonalInertia = (0.00001, 0.00001, 0.00001)
                            float physics:mass = 0.001625
                            quatf physics:principalAxes = (1, 0, 0, 0)

                            over "sphere_1" (
                                prepend apiSchemas = ["NewtonCollisionAPI"]
                            )
                            {
                            }
                        }

                        over "wheel_1_RIGHT_F_roller_1" (
                            prepend apiSchemas = ["PhysicsRigidBodyAPI", "PhysicsMassAPI", "NewtonMassAPI"]
                        )
                        {
                            double[] newton:inertia = [0.00001, 0.00001, 0.00001, 0, 0, 0]
                            float3 physics:diagonalInertia = (0.00001, 0.00001, 0.00001)
                            float physics:mass = 0.001625
                            quatf physics:principalAxes = (1, 0, 0, 0)

                            over "sphere_1" (
                                prepend apiSchemas = ["NewtonCollisionAPI"]
                            )
                            {
                            }
                        }

                        over "wheel_1_RIGHT_F_roller_2" (
                            prepend apiSchemas = ["PhysicsRigidBodyAPI", "PhysicsMassAPI", "NewtonMassAPI"]
                        )
                        {
                            double[] newton:inertia = [0.00001, 0.00001, 0.00001, 0, 0, 0]
                            float3 physics:diagonalInertia = (0.00001, 0.00001, 0.00001)
                            float physics:mass = 0.001625
                            quatf physics:principalAxes = (1, 0, 0, 0)

                            over "sphere_1" (
                                prepend apiSchemas = ["NewtonCollisionAPI"]
                            )
                            {
                            }
                        }

                        over "wheel_1_RIGHT_F_roller_3" (
                            prepend apiSchemas = ["PhysicsRigidBodyAPI", "PhysicsMassAPI", "NewtonMassAPI"]
                        )
                        {
                            double[] newton:inertia = [0.00001, 0.00001, 0.00001, 0, 0, 0]
                            float3 physics:diagonalInertia = (0.00001, 0.00001, 0.00001)
                            float physics:mass = 0.001625
                            quatf physics:principalAxes = (1, 0, 0, 0)

                            over "sphere_1" (
                                prepend apiSchemas = ["NewtonCollisionAPI"]
                            )
                            {
                            }
                        }

                        over "wheel_1_RIGHT_F_roller_4" (
                            prepend apiSchemas = ["PhysicsRigidBodyAPI", "PhysicsMassAPI", "NewtonMassAPI"]
                        )
                        {
                            double[] newton:inertia = [0.00001, 0.00001, 0.00001, 0, 0, 0]
                            float3 physics:diagonalInertia = (0.00001, 0.00001, 0.00001)
                            float physics:mass = 0.001625
                            quatf physics:principalAxes = (1, 0, 0, 0)

                            over "sphere_1" (
                                prepend apiSchemas = ["NewtonCollisionAPI"]
                            )
                            {
                            }
                        }

                        over "wheel_1_RIGHT_F_roller_5" (
                            prepend apiSchemas = ["PhysicsRigidBodyAPI", "PhysicsMassAPI", "NewtonMassAPI"]
                        )
                        {
                            double[] newton:inertia = [0.00001, 0.00001, 0.00001, 0, 0, 0]
                            float3 physics:diagonalInertia = (0.00001, 0.00001, 0.00001)
                            float physics:mass = 0.001625
                            quatf physics:principalAxes = (1, 0, 0, 0)

                            over "sphere_1" (
                                prepend apiSchemas = ["NewtonCollisionAPI"]
                            )
                            {
                            }
                        }

                        over "wheel_1_RIGHT_F_roller_6" (
                            prepend apiSchemas = ["PhysicsRigidBodyAPI", "PhysicsMassAPI", "NewtonMassAPI"]
                        )
                        {
                            double[] newton:inertia = [0.00001, 0.00001, 0.00001, 0, 0, 0]
                            float3 physics:diagonalInertia = (0.00001, 0.00001, 0.00001)
                            float physics:mass = 0.001625
                            quatf physics:principalAxes = (1, 0, 0, 0)

                            over "sphere_1" (
                                prepend apiSchemas = ["NewtonCollisionAPI"]
                            )
                            {
                            }
                        }

                        over "wheel_1_RIGHT_F_roller_7" (
                            prepend apiSchemas = ["PhysicsRigidBodyAPI", "PhysicsMassAPI", "NewtonMassAPI"]
                        )
                        {
                            double[] newton:inertia = [0.00001, 0.00001, 0.00001, 0, 0, 0]
                            float3 physics:diagonalInertia = (0.00001, 0.00001, 0.00001)
                            float physics:mass = 0.001625
                            quatf physics:principalAxes = (1, 0, 0, 0)

                            over "sphere_1" (
                                prepend apiSchemas = ["NewtonCollisionAPI"]
                            )
                            {
                            }
                        }
                    }

                    over "wheel_2_RIGHT_F" (
                        prepend apiSchemas = ["PhysicsRigidBodyAPI", "PhysicsMassAPI", "NewtonMassAPI"]
                    )
                    {
                        double[] newton:inertia = [0.000004417958999999999, 0.000004417958999999999, 0.0000022546875, 0, 0, 0]
                        point3f physics:centerOfMass = (0, 0, -0.0225)
                        float3 physics:diagonalInertia = (0.0000022546874, 0.000004417959, 0.000004417959)
                        float physics:mass = 0.0195
                        quatf physics:principalAxes = (-0.5, 0.5, 0.5, 0.5)

                        over "wheel_2_RIGHT_F_roller_0" (
                            prepend apiSchemas = ["PhysicsRigidBodyAPI", "PhysicsMassAPI", "NewtonMassAPI"]
                        )
                        {
                            double[] newton:inertia = [0.00001, 0.00001, 0.00001, 0, 0, 0]
                            float3 physics:diagonalInertia = (0.00001, 0.00001, 0.00001)
                            float physics:mass = 0.001625
                            quatf physics:principalAxes = (1, 0, 0, 0)

                            over "sphere_1" (
                                prepend apiSchemas = ["NewtonCollisionAPI"]
                            )
                            {
                            }
                        }

                        over "wheel_2_RIGHT_F_roller_1" (
                            prepend apiSchemas = ["PhysicsRigidBodyAPI", "PhysicsMassAPI", "NewtonMassAPI"]
                        )
                        {
                            double[] newton:inertia = [0.00001, 0.00001, 0.00001, 0, 0, 0]
                            float3 physics:diagonalInertia = (0.00001, 0.00001, 0.00001)
                            float physics:mass = 0.001625
                            quatf physics:principalAxes = (1, 0, 0, 0)

                            over "sphere_1" (
                                prepend apiSchemas = ["NewtonCollisionAPI"]
                            )
                            {
                            }
                        }

                        over "wheel_2_RIGHT_F_roller_2" (
                            prepend apiSchemas = ["PhysicsRigidBodyAPI", "PhysicsMassAPI", "NewtonMassAPI"]
                        )
                        {
                            double[] newton:inertia = [0.00001, 0.00001, 0.00001, 0, 0, 0]
                            float3 physics:diagonalInertia = (0.00001, 0.00001, 0.00001)
                            float physics:mass = 0.001625
                            quatf physics:principalAxes = (1, 0, 0, 0)

                            over "sphere_1" (
                                prepend apiSchemas = ["NewtonCollisionAPI"]
                            )
                            {
                            }
                        }

                        over "wheel_2_RIGHT_F_roller_3" (
                            prepend apiSchemas = ["PhysicsRigidBodyAPI", "PhysicsMassAPI", "NewtonMassAPI"]
                        )
                        {
                            double[] newton:inertia = [0.00001, 0.00001, 0.00001, 0, 0, 0]
                            float3 physics:diagonalInertia = (0.00001, 0.00001, 0.00001)
                            float physics:mass = 0.001625
                            quatf physics:principalAxes = (1, 0, 0, 0)

                            over "sphere_1" (
                                prepend apiSchemas = ["NewtonCollisionAPI"]
                            )
                            {
                            }
                        }

                        over "wheel_2_RIGHT_F_roller_4" (
                            prepend apiSchemas = ["PhysicsRigidBodyAPI", "PhysicsMassAPI", "NewtonMassAPI"]
                        )
                        {
                            double[] newton:inertia = [0.00001, 0.00001, 0.00001, 0, 0, 0]
                            float3 physics:diagonalInertia = (0.00001, 0.00001, 0.00001)
                            float physics:mass = 0.001625
                            quatf physics:principalAxes = (1, 0, 0, 0)

                            over "sphere_1" (
                                prepend apiSchemas = ["NewtonCollisionAPI"]
                            )
                            {
                            }
                        }

                        over "wheel_2_RIGHT_F_roller_5" (
                            prepend apiSchemas = ["PhysicsRigidBodyAPI", "PhysicsMassAPI", "NewtonMassAPI"]
                        )
                        {
                            double[] newton:inertia = [0.00001, 0.00001, 0.00001, 0, 0, 0]
                            float3 physics:diagonalInertia = (0.00001, 0.00001, 0.00001)
                            float physics:mass = 0.001625
                            quatf physics:principalAxes = (1, 0, 0, 0)

                            over "sphere_1" (
                                prepend apiSchemas = ["NewtonCollisionAPI"]
                            )
                            {
                            }
                        }

                        over "wheel_2_RIGHT_F_roller_6" (
                            prepend apiSchemas = ["PhysicsRigidBodyAPI", "PhysicsMassAPI", "NewtonMassAPI"]
                        )
                        {
                            double[] newton:inertia = [0.00001, 0.00001, 0.00001, 0, 0, 0]
                            float3 physics:diagonalInertia = (0.00001, 0.00001, 0.00001)
                            float physics:mass = 0.001625
                            quatf physics:principalAxes = (1, 0, 0, 0)

                            over "sphere_1" (
                                prepend apiSchemas = ["NewtonCollisionAPI"]
                            )
                            {
                            }
                        }

                        over "wheel_2_RIGHT_F_roller_7" (
                            prepend apiSchemas = ["PhysicsRigidBodyAPI", "PhysicsMassAPI", "NewtonMassAPI"]
                        )
                        {
                            double[] newton:inertia = [0.00001, 0.00001, 0.00001, 0, 0, 0]
                            float3 physics:diagonalInertia = (0.00001, 0.00001, 0.00001)
                            float physics:mass = 0.001625
                            quatf physics:principalAxes = (1, 0, 0, 0)

                            over "sphere_1" (
                                prepend apiSchemas = ["NewtonCollisionAPI"]
                            )
                            {
                            }
                        }
                    }

                    over "wheel_3_RIGHT_F" (
                        prepend apiSchemas = ["PhysicsRigidBodyAPI", "PhysicsMassAPI", "NewtonMassAPI"]
                    )
                    {
                        double[] newton:inertia = [0.000004417958999999999, 0.000004417958999999999, 0.0000022546875, 0, 0, 0]
                        point3f physics:centerOfMass = (0, 0, -0.0225)
                        float3 physics:diagonalInertia = (0.0000022546874, 0.000004417959, 0.000004417959)
                        float physics:mass = 0.0195
                        quatf physics:principalAxes = (-0.5, 0.5, 0.5, 0.5)

                        over "wheel_3_RIGHT_F_roller_0" (
                            prepend apiSchemas = ["PhysicsRigidBodyAPI", "PhysicsMassAPI", "NewtonMassAPI"]
                        )
                        {
                            double[] newton:inertia = [0.00001, 0.00001, 0.00001, 0, 0, 0]
                            float3 physics:diagonalInertia = (0.00001, 0.00001, 0.00001)
                            float physics:mass = 0.001625
                            quatf physics:principalAxes = (1, 0, 0, 0)

                            over "sphere_1" (
                                prepend apiSchemas = ["NewtonCollisionAPI"]
                            )
                            {
                            }
                        }

                        over "wheel_3_RIGHT_F_roller_1" (
                            prepend apiSchemas = ["PhysicsRigidBodyAPI", "PhysicsMassAPI", "NewtonMassAPI"]
                        )
                        {
                            double[] newton:inertia = [0.00001, 0.00001, 0.00001, 0, 0, 0]
                            float3 physics:diagonalInertia = (0.00001, 0.00001, 0.00001)
                            float physics:mass = 0.001625
                            quatf physics:principalAxes = (1, 0, 0, 0)

                            over "sphere_1" (
                                prepend apiSchemas = ["NewtonCollisionAPI"]
                            )
                            {
                            }
                        }

                        over "wheel_3_RIGHT_F_roller_2" (
                            prepend apiSchemas = ["PhysicsRigidBodyAPI", "PhysicsMassAPI", "NewtonMassAPI"]
                        )
                        {
                            double[] newton:inertia = [0.00001, 0.00001, 0.00001, 0, 0, 0]
                            float3 physics:diagonalInertia = (0.00001, 0.00001, 0.00001)
                            float physics:mass = 0.001625
                            quatf physics:principalAxes = (1, 0, 0, 0)

                            over "sphere_1" (
                                prepend apiSchemas = ["NewtonCollisionAPI"]
                            )
                            {
                            }
                        }

                        over "wheel_3_RIGHT_F_roller_3" (
                            prepend apiSchemas = ["PhysicsRigidBodyAPI", "PhysicsMassAPI", "NewtonMassAPI"]
                        )
                        {
                            double[] newton:inertia = [0.00001, 0.00001, 0.00001, 0, 0, 0]
                            float3 physics:diagonalInertia = (0.00001, 0.00001, 0.00001)
                            float physics:mass = 0.001625
                            quatf physics:principalAxes = (1, 0, 0, 0)

                            over "sphere_1" (
                                prepend apiSchemas = ["NewtonCollisionAPI"]
                            )
                            {
                            }
                        }

                        over "wheel_3_RIGHT_F_roller_4" (
                            prepend apiSchemas = ["PhysicsRigidBodyAPI", "PhysicsMassAPI", "NewtonMassAPI"]
                        )
                        {
                            double[] newton:inertia = [0.00001, 0.00001, 0.00001, 0, 0, 0]
                            float3 physics:diagonalInertia = (0.00001, 0.00001, 0.00001)
                            float physics:mass = 0.001625
                            quatf physics:principalAxes = (1, 0, 0, 0)

                            over "sphere_1" (
                                prepend apiSchemas = ["NewtonCollisionAPI"]
                            )
                            {
                            }
                        }

                        over "wheel_3_RIGHT_F_roller_5" (
                            prepend apiSchemas = ["PhysicsRigidBodyAPI", "PhysicsMassAPI", "NewtonMassAPI"]
                        )
                        {
                            double[] newton:inertia = [0.00001, 0.00001, 0.00001, 0, 0, 0]
                            float3 physics:diagonalInertia = (0.00001, 0.00001, 0.00001)
                            float physics:mass = 0.001625
                            quatf physics:principalAxes = (1, 0, 0, 0)

                            over "sphere_1" (
                                prepend apiSchemas = ["NewtonCollisionAPI"]
                            )
                            {
                            }
                        }

                        over "wheel_3_RIGHT_F_roller_6" (
                            prepend apiSchemas = ["PhysicsRigidBodyAPI", "PhysicsMassAPI", "NewtonMassAPI"]
                        )
                        {
                            double[] newton:inertia = [0.00001, 0.00001, 0.00001, 0, 0, 0]
                            float3 physics:diagonalInertia = (0.00001, 0.00001, 0.00001)
                            float physics:mass = 0.001625
                            quatf physics:principalAxes = (1, 0, 0, 0)

                            over "sphere_1" (
                                prepend apiSchemas = ["NewtonCollisionAPI"]
                            )
                            {
                            }
                        }

                        over "wheel_3_RIGHT_F_roller_7" (
                            prepend apiSchemas = ["PhysicsRigidBodyAPI", "PhysicsMassAPI", "NewtonMassAPI"]
                        )
                        {
                            double[] newton:inertia = [0.00001, 0.00001, 0.00001, 0, 0, 0]
                            float3 physics:diagonalInertia = (0.00001, 0.00001, 0.00001)
                            float physics:mass = 0.001625
                            quatf physics:principalAxes = (1, 0, 0, 0)

                            over "sphere_1" (
                                prepend apiSchemas = ["NewtonCollisionAPI"]
                            )
                            {
                            }
                        }
                    }

                    over "wheel_4_RIGHT_F" (
                        prepend apiSchemas = ["PhysicsRigidBodyAPI", "PhysicsMassAPI", "NewtonMassAPI"]
                    )
                    {
                        double[] newton:inertia = [0.000007363264999999999, 0.000007363264999999999, 0.0000037578125000000007, 0, 0, 0]
                        point3f physics:centerOfMass = (0, 0, -0.0225)
                        float3 physics:diagonalInertia = (0.0000037578125, 0.000007363265, 0.000007363265)
                        float physics:mass = 0.0325
                        quatf physics:principalAxes = (-0.5, 0.5, 0.5, 0.5)

                        over "cylinder" (
                            prepend apiSchemas = ["NewtonCollisionAPI"]
                        )
                        {
                        }
                    }

                    over "box" (
                        prepend apiSchemas = ["NewtonCollisionAPI"]
                    )
                    {
                    }
                }

                over "box" (
                    prepend apiSchemas = ["NewtonCollisionAPI"]
                )
                {
                }
            }

            over "RH_UPPER_LEG" (
                prepend apiSchemas = ["PhysicsRigidBodyAPI", "PhysicsMassAPI", "NewtonMassAPI"]
            )
            {
                double[] newton:inertia = [0.0002715470987182983, 0.0038524354887015896, 0.0038394565450448966, -0.00004208648630755239, -0.0000030566185759235224, 0.000002566282802065791]
                point3f physics:centerOfMass = (-0.07248736, -0.03158259, 0.0024812433)
                float3 physics:diagonalInertia = (0.00027104997, 0.003838974, 0.0038534151)
                float physics:mass = 0.6
                quatf physics:principalAxes = (0.6390155, 0.7691713, 0.004248076, 0.0040805223)

                over "body_right_H" (
                    prepend apiSchemas = ["PhysicsRigidBodyAPI", "PhysicsMassAPI", "NewtonMassAPI"]
                )
                {
                    double[] newton:inertia = [0.0001327248, 0.00009870185, 0.00010894585, 0.000010074317499999999, -0.0000022533972500000003, 0.000009427730000000002]
                    point3f physics:centerOfMass = (-0.0238777, 0.00412068, 0.0132172)
                    float3 physics:diagonalInertia = (0.00009077622, 0.00011410806, 0.00013548823)
                    float physics:mass = 0.195
                    quatf physics:principalAxes = (0.555342, 0.27687564, 0.6455854, 0.44514558)

                    over "wheel_1_RIGHT_H" (
                        prepend apiSchemas = ["PhysicsRigidBodyAPI", "PhysicsMassAPI", "NewtonMassAPI"]
                    )
                    {
                        double[] newton:inertia = [0.000004417958999999999, 0.000004417958999999999, 0.0000022546875, 0, 0, 0]
                        point3f physics:centerOfMass = (0, 0, -0.0225)
                        float3 physics:diagonalInertia = (0.0000022546874, 0.000004417959, 0.000004417959)
                        float physics:mass = 0.0195
                        quatf physics:principalAxes = (-0.5, 0.5, 0.5, 0.5)

                        over "wheel_1_RIGHT_H_roller_0" (
                            prepend apiSchemas = ["PhysicsRigidBodyAPI", "PhysicsMassAPI", "NewtonMassAPI"]
                        )
                        {
                            double[] newton:inertia = [0.00001, 0.00001, 0.00001, 0, 0, 0]
                            float3 physics:diagonalInertia = (0.00001, 0.00001, 0.00001)
                            float physics:mass = 0.001625
                            quatf physics:principalAxes = (1, 0, 0, 0)

                            over "sphere_1" (
                                prepend apiSchemas = ["NewtonCollisionAPI"]
                            )
                            {
                            }
                        }

                        over "wheel_1_RIGHT_H_roller_1" (
                            prepend apiSchemas = ["PhysicsRigidBodyAPI", "PhysicsMassAPI", "NewtonMassAPI"]
                        )
                        {
                            double[] newton:inertia = [0.00001, 0.00001, 0.00001, 0, 0, 0]
                            float3 physics:diagonalInertia = (0.00001, 0.00001, 0.00001)
                            float physics:mass = 0.001625
                            quatf physics:principalAxes = (1, 0, 0, 0)

                            over "sphere_1" (
                                prepend apiSchemas = ["NewtonCollisionAPI"]
                            )
                            {
                            }
                        }

                        over "wheel_1_RIGHT_H_roller_2" (
                            prepend apiSchemas = ["PhysicsRigidBodyAPI", "PhysicsMassAPI", "NewtonMassAPI"]
                        )
                        {
                            double[] newton:inertia = [0.00001, 0.00001, 0.00001, 0, 0, 0]
                            float3 physics:diagonalInertia = (0.00001, 0.00001, 0.00001)
                            float physics:mass = 0.001625
                            quatf physics:principalAxes = (1, 0, 0, 0)

                            over "sphere_1" (
                                prepend apiSchemas = ["NewtonCollisionAPI"]
                            )
                            {
                            }
                        }

                        over "wheel_1_RIGHT_H_roller_3" (
                            prepend apiSchemas = ["PhysicsRigidBodyAPI", "PhysicsMassAPI", "NewtonMassAPI"]
                        )
                        {
                            double[] newton:inertia = [0.00001, 0.00001, 0.00001, 0, 0, 0]
                            float3 physics:diagonalInertia = (0.00001, 0.00001, 0.00001)
                            float physics:mass = 0.001625
                            quatf physics:principalAxes = (1, 0, 0, 0)

                            over "sphere_1" (
                                prepend apiSchemas = ["NewtonCollisionAPI"]
                            )
                            {
                            }
                        }

                        over "wheel_1_RIGHT_H_roller_4" (
                            prepend apiSchemas = ["PhysicsRigidBodyAPI", "PhysicsMassAPI", "NewtonMassAPI"]
                        )
                        {
                            double[] newton:inertia = [0.00001, 0.00001, 0.00001, 0, 0, 0]
                            float3 physics:diagonalInertia = (0.00001, 0.00001, 0.00001)
                            float physics:mass = 0.001625
                            quatf physics:principalAxes = (1, 0, 0, 0)

                            over "sphere_1" (
                                prepend apiSchemas = ["NewtonCollisionAPI"]
                            )
                            {
                            }
                        }

                        over "wheel_1_RIGHT_H_roller_5" (
                            prepend apiSchemas = ["PhysicsRigidBodyAPI", "PhysicsMassAPI", "NewtonMassAPI"]
                        )
                        {
                            double[] newton:inertia = [0.00001, 0.00001, 0.00001, 0, 0, 0]
                            float3 physics:diagonalInertia = (0.00001, 0.00001, 0.00001)
                            float physics:mass = 0.001625
                            quatf physics:principalAxes = (1, 0, 0, 0)

                            over "sphere_1" (
                                prepend apiSchemas = ["NewtonCollisionAPI"]
                            )
                            {
                            }
                        }

                        over "wheel_1_RIGHT_H_roller_6" (
                            prepend apiSchemas = ["PhysicsRigidBodyAPI", "PhysicsMassAPI", "NewtonMassAPI"]
                        )
                        {
                            double[] newton:inertia = [0.00001, 0.00001, 0.00001, 0, 0, 0]
                            float3 physics:diagonalInertia = (0.00001, 0.00001, 0.00001)
                            float physics:mass = 0.001625
                            quatf physics:principalAxes = (1, 0, 0, 0)

                            over "sphere_1" (
                                prepend apiSchemas = ["NewtonCollisionAPI"]
                            )
                            {
                            }
                        }

                        over "wheel_1_RIGHT_H_roller_7" (
                            prepend apiSchemas = ["PhysicsRigidBodyAPI", "PhysicsMassAPI", "NewtonMassAPI"]
                        )
                        {
                            double[] newton:inertia = [0.00001, 0.00001, 0.00001, 0, 0, 0]
                            float3 physics:diagonalInertia = (0.00001, 0.00001, 0.00001)
                            float physics:mass = 0.001625
                            quatf physics:principalAxes = (1, 0, 0, 0)

                            over "sphere_1" (
                                prepend apiSchemas = ["NewtonCollisionAPI"]
                            )
                            {
                            }
                        }
                    }

                    over "wheel_2_RIGHT_H" (
                        prepend apiSchemas = ["PhysicsRigidBodyAPI", "PhysicsMassAPI", "NewtonMassAPI"]
                    )
                    {
                        double[] newton:inertia = [0.000004417958999999999, 0.000004417958999999999, 0.0000022546875, 0, 0, 0]
                        point3f physics:centerOfMass = (0, 0, -0.0225)
                        float3 physics:diagonalInertia = (0.0000022546874, 0.000004417959, 0.000004417959)
                        float physics:mass = 0.0195
                        quatf physics:principalAxes = (-0.5, 0.5, 0.5, 0.5)

                        over "wheel_2_RIGHT_H_roller_0" (
                            prepend apiSchemas = ["PhysicsRigidBodyAPI", "PhysicsMassAPI", "NewtonMassAPI"]
                        )
                        {
                            double[] newton:inertia = [0.00001, 0.00001, 0.00001, 0, 0, 0]
                            float3 physics:diagonalInertia = (0.00001, 0.00001, 0.00001)
                            float physics:mass = 0.001625
                            quatf physics:principalAxes = (1, 0, 0, 0)

                            over "sphere_1" (
                                prepend apiSchemas = ["NewtonCollisionAPI"]
                            )
                            {
                            }
                        }

                        over "wheel_2_RIGHT_H_roller_1" (
                            prepend apiSchemas = ["PhysicsRigidBodyAPI", "PhysicsMassAPI", "NewtonMassAPI"]
                        )
                        {
                            double[] newton:inertia = [0.00001, 0.00001, 0.00001, 0, 0, 0]
                            float3 physics:diagonalInertia = (0.00001, 0.00001, 0.00001)
                            float physics:mass = 0.001625
                            quatf physics:principalAxes = (1, 0, 0, 0)

                            over "sphere_1" (
                                prepend apiSchemas = ["NewtonCollisionAPI"]
                            )
                            {
                            }
                        }

                        over "wheel_2_RIGHT_H_roller_2" (
                            prepend apiSchemas = ["PhysicsRigidBodyAPI", "PhysicsMassAPI", "NewtonMassAPI"]
                        )
                        {
                            double[] newton:inertia = [0.00001, 0.00001, 0.00001, 0, 0, 0]
                            float3 physics:diagonalInertia = (0.00001, 0.00001, 0.00001)
                            float physics:mass = 0.001625
                            quatf physics:principalAxes = (1, 0, 0, 0)

                            over "sphere_1" (
                                prepend apiSchemas = ["NewtonCollisionAPI"]
                            )
                            {
                            }
                        }

                        over "wheel_2_RIGHT_H_roller_3" (
                            prepend apiSchemas = ["PhysicsRigidBodyAPI", "PhysicsMassAPI", "NewtonMassAPI"]
                        )
                        {
                            double[] newton:inertia = [0.00001, 0.00001, 0.00001, 0, 0, 0]
                            float3 physics:diagonalInertia = (0.00001, 0.00001, 0.00001)
                            float physics:mass = 0.001625
                            quatf physics:principalAxes = (1, 0, 0, 0)

                            over "sphere_1" (
                                prepend apiSchemas = ["NewtonCollisionAPI"]
                            )
                            {
                            }
                        }

                        over "wheel_2_RIGHT_H_roller_4" (
                            prepend apiSchemas = ["PhysicsRigidBodyAPI", "PhysicsMassAPI", "NewtonMassAPI"]
                        )
                        {
                            double[] newton:inertia = [0.00001, 0.00001, 0.00001, 0, 0, 0]
                            float3 physics:diagonalInertia = (0.00001, 0.00001, 0.00001)
                            float physics:mass = 0.001625
                            quatf physics:principalAxes = (1, 0, 0, 0)

                            over "sphere_1" (
                                prepend apiSchemas = ["NewtonCollisionAPI"]
                            )
                            {
                            }
                        }

                        over "wheel_2_RIGHT_H_roller_5" (
                            prepend apiSchemas = ["PhysicsRigidBodyAPI", "PhysicsMassAPI", "NewtonMassAPI"]
                        )
                        {
                            double[] newton:inertia = [0.00001, 0.00001, 0.00001, 0, 0, 0]
                            float3 physics:diagonalInertia = (0.00001, 0.00001, 0.00001)
                            float physics:mass = 0.001625
                            quatf physics:principalAxes = (1, 0, 0, 0)

                            over "sphere_1" (
                                prepend apiSchemas = ["NewtonCollisionAPI"]
                            )
                            {
                            }
                        }

                        over "wheel_2_RIGHT_H_roller_6" (
                            prepend apiSchemas = ["PhysicsRigidBodyAPI", "PhysicsMassAPI", "NewtonMassAPI"]
                        )
                        {
                            double[] newton:inertia = [0.00001, 0.00001, 0.00001, 0, 0, 0]
                            float3 physics:diagonalInertia = (0.00001, 0.00001, 0.00001)
                            float physics:mass = 0.001625
                            quatf physics:principalAxes = (1, 0, 0, 0)

                            over "sphere_1" (
                                prepend apiSchemas = ["NewtonCollisionAPI"]
                            )
                            {
                            }
                        }

                        over "wheel_2_RIGHT_H_roller_7" (
                            prepend apiSchemas = ["PhysicsRigidBodyAPI", "PhysicsMassAPI", "NewtonMassAPI"]
                        )
                        {
                            double[] newton:inertia = [0.00001, 0.00001, 0.00001, 0, 0, 0]
                            float3 physics:diagonalInertia = (0.00001, 0.00001, 0.00001)
                            float physics:mass = 0.001625
                            quatf physics:principalAxes = (1, 0, 0, 0)

                            over "sphere_1" (
                                prepend apiSchemas = ["NewtonCollisionAPI"]
                            )
                            {
                            }
                        }
                    }

                    over "wheel_3_RIGHT_H" (
                        prepend apiSchemas = ["PhysicsRigidBodyAPI", "PhysicsMassAPI", "NewtonMassAPI"]
                    )
                    {
                        double[] newton:inertia = [0.000004417958999999999, 0.000004417958999999999, 0.0000022546875, 0, 0, 0]
                        point3f physics:centerOfMass = (0, 0, -0.0225)
                        float3 physics:diagonalInertia = (0.0000022546874, 0.000004417959, 0.000004417959)
                        float physics:mass = 0.0195
                        quatf physics:principalAxes = (-0.5, 0.5, 0.5, 0.5)

                        over "wheel_3_RIGHT_H_roller_0" (
                            prepend apiSchemas = ["PhysicsRigidBodyAPI", "PhysicsMassAPI", "NewtonMassAPI"]
                        )
                        {
                            double[] newton:inertia = [0.00001, 0.00001, 0.00001, 0, 0, 0]
                            float3 physics:diagonalInertia = (0.00001, 0.00001, 0.00001)
                            float physics:mass = 0.001625
                            quatf physics:principalAxes = (1, 0, 0, 0)

                            over "sphere_1" (
                                prepend apiSchemas = ["NewtonCollisionAPI"]
                            )
                            {
                            }
                        }

                        over "wheel_3_RIGHT_H_roller_1" (
                            prepend apiSchemas = ["PhysicsRigidBodyAPI", "PhysicsMassAPI", "NewtonMassAPI"]
                        )
                        {
                            double[] newton:inertia = [0.00001, 0.00001, 0.00001, 0, 0, 0]
                            float3 physics:diagonalInertia = (0.00001, 0.00001, 0.00001)
                            float physics:mass = 0.001625
                            quatf physics:principalAxes = (1, 0, 0, 0)

                            over "sphere_1" (
                                prepend apiSchemas = ["NewtonCollisionAPI"]
                            )
                            {
                            }
                        }

                        over "wheel_3_RIGHT_H_roller_2" (
                            prepend apiSchemas = ["PhysicsRigidBodyAPI", "PhysicsMassAPI", "NewtonMassAPI"]
                        )
                        {
                            double[] newton:inertia = [0.00001, 0.00001, 0.00001, 0, 0, 0]
                            float3 physics:diagonalInertia = (0.00001, 0.00001, 0.00001)
                            float physics:mass = 0.001625
                            quatf physics:principalAxes = (1, 0, 0, 0)

                            over "sphere_1" (
                                prepend apiSchemas = ["NewtonCollisionAPI"]
                            )
                            {
                            }
                        }

                        over "wheel_3_RIGHT_H_roller_3" (
                            prepend apiSchemas = ["PhysicsRigidBodyAPI", "PhysicsMassAPI", "NewtonMassAPI"]
                        )
                        {
                            double[] newton:inertia = [0.00001, 0.00001, 0.00001, 0, 0, 0]
                            float3 physics:diagonalInertia = (0.00001, 0.00001, 0.00001)
                            float physics:mass = 0.001625
                            quatf physics:principalAxes = (1, 0, 0, 0)

                            over "sphere_1" (
                                prepend apiSchemas = ["NewtonCollisionAPI"]
                            )
                            {
                            }
                        }

                        over "wheel_3_RIGHT_H_roller_4" (
                            prepend apiSchemas = ["PhysicsRigidBodyAPI", "PhysicsMassAPI", "NewtonMassAPI"]
                        )
                        {
                            double[] newton:inertia = [0.00001, 0.00001, 0.00001, 0, 0, 0]
                            float3 physics:diagonalInertia = (0.00001, 0.00001, 0.00001)
                            float physics:mass = 0.001625
                            quatf physics:principalAxes = (1, 0, 0, 0)

                            over "sphere_1" (
                                prepend apiSchemas = ["NewtonCollisionAPI"]
                            )
                            {
                            }
                        }

                        over "wheel_3_RIGHT_H_roller_5" (
                            prepend apiSchemas = ["PhysicsRigidBodyAPI", "PhysicsMassAPI", "NewtonMassAPI"]
                        )
                        {
                            double[] newton:inertia = [0.00001, 0.00001, 0.00001, 0, 0, 0]
                            float3 physics:diagonalInertia = (0.00001, 0.00001, 0.00001)
                            float physics:mass = 0.001625
                            quatf physics:principalAxes = (1, 0, 0, 0)

                            over "sphere_1" (
                                prepend apiSchemas = ["NewtonCollisionAPI"]
                            )
                            {
                            }
                        }

                        over "wheel_3_RIGHT_H_roller_6" (
                            prepend apiSchemas = ["PhysicsRigidBodyAPI", "PhysicsMassAPI", "NewtonMassAPI"]
                        )
                        {
                            double[] newton:inertia = [0.00001, 0.00001, 0.00001, 0, 0, 0]
                            float3 physics:diagonalInertia = (0.00001, 0.00001, 0.00001)
                            float physics:mass = 0.001625
                            quatf physics:principalAxes = (1, 0, 0, 0)

                            over "sphere_1" (
                                prepend apiSchemas = ["NewtonCollisionAPI"]
                            )
                            {
                            }
                        }

                        over "wheel_3_RIGHT_H_roller_7" (
                            prepend apiSchemas = ["PhysicsRigidBodyAPI", "PhysicsMassAPI", "NewtonMassAPI"]
                        )
                        {
                            double[] newton:inertia = [0.00001, 0.00001, 0.00001, 0, 0, 0]
                            float3 physics:diagonalInertia = (0.00001, 0.00001, 0.00001)
                            float physics:mass = 0.001625
                            quatf physics:principalAxes = (1, 0, 0, 0)

                            over "sphere_1" (
                                prepend apiSchemas = ["NewtonCollisionAPI"]
                            )
                            {
                            }
                        }
                    }

                    over "wheel_4_RIGHT_H" (
                        prepend apiSchemas = ["PhysicsRigidBodyAPI", "PhysicsMassAPI", "NewtonMassAPI"]
                    )
                    {
                        double[] newton:inertia = [0.000007363264999999999, 0.000007363264999999999, 0.0000037578125000000007, 0, 0, 0]
                        point3f physics:centerOfMass = (0, 0, -0.0225)
                        float3 physics:diagonalInertia = (0.0000037578125, 0.000007363265, 0.000007363265)
                        float physics:mass = 0.0325
                        quatf physics:principalAxes = (-0.5, 0.5, 0.5, 0.5)

                        over "cylinder" (
                            prepend apiSchemas = ["NewtonCollisionAPI"]
                        )
                        {
                        }
                    }

                    over "box" (
                        prepend apiSchemas = ["NewtonCollisionAPI"]
                    )
                    {
                    }
                }

                over "box" (
                    prepend apiSchemas = ["NewtonCollisionAPI"]
                )
                {
                }
            }

            over "box_1" (
                prepend apiSchemas = ["NewtonCollisionAPI"]
            )
            {
            }

            over "box_2" (
                prepend apiSchemas = ["NewtonCollisionAPI"]
            )
            {
            }

            over "box_3" (
                prepend apiSchemas = ["NewtonCollisionAPI"]
            )
            {
            }

            over "box_4" (
                prepend apiSchemas = ["NewtonCollisionAPI"]
            )
            {
            }

            over "box_5" (
                prepend apiSchemas = ["NewtonCollisionAPI"]
            )
            {
            }

            over "box_6" (
                prepend apiSchemas = ["NewtonCollisionAPI"]
            )
            {
            }

            over "cylinder_1" (
                prepend apiSchemas = ["NewtonCollisionAPI"]
            )
            {
            }
        }
    }

    over "Physics"
    {
        def PhysicsRevoluteJoint "body_left_H_ankle" (
            prepend apiSchemas = ["NewtonJointAPI", "PhysicsDriveAPI:angular", "PhysicsJointStateAPI:angular"]
        )
        {
            float drive:angular:physics:maxForce = 10
            uniform token drive:angular:physics:type = "force"
            float newton:damping = 0.00017453292
            float newton:velocityLimit = 572.9578
            uniform token physics:axis = "X"
            custom rel physics:body0
            append rel physics:body0 = </traquad/Geometry/base_link/LH_UPPER_LEG>
            custom rel physics:body1
            append rel physics:body1 = </traquad/Geometry/base_link/LH_UPPER_LEG/body_left_H>
            point3f physics:localPos0 = (-0.19, 0.05, 0)
            point3f physics:localPos1 = (0, 0, 0)
            quatf physics:localRot0 = (0.49999815, 0.5, 0.50000185, 0.5)
            quatf physics:localRot1 = (1, 0, 0, 0)
            float physics:lowerLimit = -35.775486
            float physics:upperLimit = 24.224655
            custom float urdf:limit:effort = 10
        }

        def PhysicsRevoluteJoint "joint_wheel_1_LEFT_H" (
            prepend apiSchemas = ["NewtonJointAPI", "PhysicsDriveAPI:angular", "PhysicsJointStateAPI:angular"]
        )
        {
            float drive:angular:physics:maxForce = 10
            uniform token drive:angular:physics:type = "force"
            float newton:velocityLimit = 5729578
            uniform token physics:axis = "Z"
            custom rel physics:body0
            append rel physics:body0 = </traquad/Geometry/base_link/LH_UPPER_LEG/body_left_H>
            custom rel physics:body1
            append rel physics:body1 = </traquad/Geometry/base_link/LH_UPPER_LEG/body_left_H/wheel_1_LEFT_H>
            point3f physics:localPos0 = (-2.7755576e-17, 0.0484063, -0.0583795)
            point3f physics:localPos1 = (0, 0, 0)
            quatf physics:localRot0 = (0.70710546, 1.5413353e-16, -0.7071081, 3.330669e-16)
            quatf physics:localRot1 = (1, 0, 0, 0)
            custom float urdf:limit:effort = 10
        }

        def PhysicsRevoluteJoint "wheel_1_LEFT_H_roller_0_joint" (
            prepend apiSchemas = ["NewtonJointAPI", "PhysicsDriveAPI:angular", "PhysicsJointStateAPI:angular"]
        )
        {
            uniform token drive:angular:physics:type = "force"
            float newton:damping = 0.0000017453292
            uniform token physics:axis = "X"
            custom rel physics:body0
            append rel physics:body0 = </traquad/Geometry/base_link/LH_UPPER_LEG/body_left_H/wheel_1_LEFT_H>
            custom rel physics:body1
            append rel physics:body1 = </traquad/Geometry/base_link/LH_UPPER_LEG/body_left_H/wheel_1_LEFT_H/wheel_1_LEFT_H_roller_0>
            point3f physics:localPos0 = (0.007, 0, -0.0225)
            point3f physics:localPos1 = (0, 0, 0)
            quatf physics:localRot0 = (0.70710677, -3.286474e-16, 3.330669e-16, 0.70710677)
            quatf physics:localRot1 = (1, 0, 0, 0)
        }

        def PhysicsRevoluteJoint "wheel_1_LEFT_H_roller_1_joint" (
            prepend apiSchemas = ["NewtonJointAPI", "PhysicsDriveAPI:angular", "PhysicsJointStateAPI:angular"]
        )
        {
            uniform token drive:angular:physics:type = "force"
            float newton:damping = 0.0000017453292
            uniform token physics:axis = "X"
            custom rel physics:body0
            append rel physics:body0 = </traquad/Geometry/base_link/LH_UPPER_LEG/body_left_H/wheel_1_LEFT_H>
            custom rel physics:body1
            append rel physics:body1 = </traquad/Geometry/base_link/LH_UPPER_LEG/body_left_H/wheel_1_LEFT_H/wheel_1_LEFT_H_roller_1>
            point3f physics:localPos0 = (0.0049497476, 0.0049497476, -0.0225)
            point3f physics:localPos1 = (0, 0, 0)
            quatf physics:localRot0 = (-0.38268343, 1.7646089e-16, -2.7755576e-16, -0.92387956)
            quatf physics:localRot1 = (1, 0, 0, 0)
        }

        def PhysicsRevoluteJoint "wheel_1_LEFT_H_roller_2_joint" (
            prepend apiSchemas = ["NewtonJointAPI", "PhysicsDriveAPI:angular", "PhysicsJointStateAPI:angular"]
        )
        {
            uniform token drive:angular:physics:type = "force"
            float newton:damping = 0.0000017453292
            uniform token physics:axis = "X"
            custom rel physics:body0
            append rel physics:body0 = </traquad/Geometry/base_link/LH_UPPER_LEG/body_left_H/wheel_1_LEFT_H>
            custom rel physics:body1
            append rel physics:body1 = </traquad/Geometry/base_link/LH_UPPER_LEG/body_left_H/wheel_1_LEFT_H/wheel_1_LEFT_H_roller_2>
            point3f physics:localPos0 = (0, 0.007, -0.0225)
            point3f physics:localPos1 = (0, 0, 0)
            quatf physics:localRot0 = (1.38386125e-17, 1.44327e-17, 2.7755576e-16, 1)
            quatf physics:localRot1 = (1, 0, 0, 0)
        }

        def PhysicsRevoluteJoint "wheel_1_LEFT_H_roller_3_joint" (
            prepend apiSchemas = ["NewtonJointAPI", "PhysicsDriveAPI:angular", "PhysicsJointStateAPI:angular"]
        )
        {
            uniform token drive:angular:physics:type = "force"
            float newton:damping = 0.0000017453292
            uniform token physics:axis = "X"
            custom rel physics:body0
            append rel physics:body0 = </traquad/Geometry/base_link/LH_UPPER_LEG/body_left_H/wheel_1_LEFT_H>
            custom rel physics:body1
            append rel physics:body1 = </traquad/Geometry/base_link/LH_UPPER_LEG/body_left_H/wheel_1_LEFT_H/wheel_1_LEFT_H_roller_3>
            point3f physics:localPos0 = (-0.0049497476, 0.0049497476, -0.0225)
            point3f physics:localPos1 = (0, 0, 0)
            quatf physics:localRot0 = (-0.38268343, -9.927226e-18, 2.220446e-16, 0.92387956)
            quatf physics:localRot1 = (1, 0, 0, 0)
        }

        def PhysicsRevoluteJoint "wheel_1_LEFT_H_roller_4_joint" (
            prepend apiSchemas = ["NewtonJointAPI", "PhysicsDriveAPI:angular", "PhysicsJointStateAPI:angular"]
        )
        {
            uniform token drive:angular:physics:type = "force"
            float newton:damping = 0.0000017453292
            uniform token physics:axis = "X"
            custom rel physics:body0
            append rel physics:body0 = </traquad/Geometry/base_link/LH_UPPER_LEG/body_left_H/wheel_1_LEFT_H>
            custom rel physics:body1
            append rel physics:body1 = </traquad/Geometry/base_link/LH_UPPER_LEG/body_left_H/wheel_1_LEFT_H/wheel_1_LEFT_H_roller_4>
            point3f physics:localPos0 = (-0.007, 6.938894e-18, -0.0225)
            point3f physics:localPos1 = (0, 0, 0)
            quatf physics:localRot0 = (-0.70710677, 1.7095295e-16, 2.220446e-16, 0.70710677)
            quatf physics:localRot1 = (1, 0, 0, 0)
        }

        def PhysicsRevoluteJoint "wheel_1_LEFT_H_roller_5_joint" (
            prepend apiSchemas = ["NewtonJointAPI", "PhysicsDriveAPI:angular", "PhysicsJointStateAPI:angular"]
        )
        {
            uniform token drive:angular:physics:type = "force"
            float newton:damping = 0.0000017453292
            uniform token physics:axis = "X"
            custom rel physics:body0
            append rel physics:body0 = </traquad/Geometry/base_link/LH_UPPER_LEG/body_left_H/wheel_1_LEFT_H>
            custom rel physics:body1
            append rel physics:body1 = </traquad/Geometry/base_link/LH_UPPER_LEG/body_left_H/wheel_1_LEFT_H/wheel_1_LEFT_H_roller_5>
            point3f physics:localPos0 = (-0.0049497476, -0.0049497476, -0.0225)
            point3f physics:localPos1 = (0, 0, 0)
            quatf physics:localRot0 = (0.9238795, -3.9842625e-16, -5.551115e-17, -0.38268352)
            quatf physics:localRot1 = (1, 0, 0, 0)
        }

        def PhysicsRevoluteJoint "wheel_1_LEFT_H_roller_6_joint" (
            prepend apiSchemas = ["NewtonJointAPI", "PhysicsDriveAPI:angular", "PhysicsJointStateAPI:angular"]
        )
        {
            uniform token drive:angular:physics:type = "force"
            float newton:damping = 0.0000017453292
            uniform token physics:axis = "X"
            custom rel physics:body0
            append rel physics:body0 = </traquad/Geometry/base_link/LH_UPPER_LEG/body_left_H/wheel_1_LEFT_H>
            custom rel physics:body1
            append rel physics:body1 = </traquad/Geometry/base_link/LH_UPPER_LEG/body_left_H/wheel_1_LEFT_H/wheel_1_LEFT_H_roller_6>
            point3f physics:localPos0 = (-5.551115e-17, -0.007, -0.0225)
            point3f physics:localPos1 = (0, 0, 0)
            quatf physics:localRot0 = (1, 0, 0, 0)
            quatf physics:localRot1 = (1, 0, 0, 0)
        }

        def PhysicsRevoluteJoint "wheel_1_LEFT_H_roller_7_joint" (
            prepend apiSchemas = ["NewtonJointAPI", "PhysicsDriveAPI:angular", "PhysicsJointStateAPI:angular"]
        )
        {
            uniform token drive:angular:physics:type = "force"
            float newton:damping = 0.0000017453292
            uniform token physics:axis = "X"
            custom rel physics:body0
            append rel physics:body0 = </traquad/Geometry/base_link/LH_UPPER_LEG/body_left_H/wheel_1_LEFT_H>
            custom rel physics:body1
            append rel physics:body1 = </traquad/Geometry/base_link/LH_UPPER_LEG/body_left_H/wheel_1_LEFT_H/wheel_1_LEFT_H_roller_7>
            point3f physics:localPos0 = (0.0049497476, -0.0049497476, -0.0225)
            point3f physics:localPos1 = (0, 0, 0)
            quatf physics:localRot0 = (0.9238795, -2.1219652e-16, 8.326673e-17, 0.38268352)
            quatf physics:localRot1 = (1, 0, 0, 0)
        }

        def PhysicsRevoluteJoint "joint_wheel_2_LEFT_H" (
            prepend apiSchemas = ["NewtonJointAPI", "PhysicsDriveAPI:angular", "PhysicsJointStateAPI:angular"]
        )
        {
            float drive:angular:physics:maxForce = 10
            uniform token drive:angular:physics:type = "force"
            float newton:velocityLimit = 5729578
            uniform token physics:axis = "Z"
            custom rel physics:body0
            append rel physics:body0 = </traquad/Geometry/base_link/LH_UPPER_LEG/body_left_H>
            custom rel physics:body1
            append rel physics:body1 = </traquad/Geometry/base_link/LH_UPPER_LEG/body_left_H/wheel_2_LEFT_H>
            point3f physics:localPos0 = (0, 1.0777944e-16, -0.0583795)
            point3f physics:localPos1 = (0, 0, 0)
            quatf physics:localRot0 = (0.70710546, 1.5413353e-16, -0.7071081, 3.330669e-16)
            quatf physics:localRot1 = (1, 0, 0, 0)
            custom float urdf:limit:effort = 10
        }

        def PhysicsRevoluteJoint "wheel_2_LEFT_H_roller_0_joint" (
            prepend apiSchemas = ["NewtonJointAPI", "PhysicsDriveAPI:angular", "PhysicsJointStateAPI:angular"]
        )
        {
            uniform token drive:angular:physics:type = "force"
            float newton:damping = 0.0000017453292
            uniform token physics:axis = "X"
            custom rel physics:body0
            append rel physics:body0 = </traquad/Geometry/base_link/LH_UPPER_LEG/body_left_H/wheel_2_LEFT_H>
            custom rel physics:body1
            append rel physics:body1 = </traquad/Geometry/base_link/LH_UPPER_LEG/body_left_H/wheel_2_LEFT_H/wheel_2_LEFT_H_roller_0>
            point3f physics:localPos0 = (0.007, 2.1175824e-22, -0.0225)
            point3f physics:localPos1 = (0, 0, 0)
            quatf physics:localRot0 = (0.70710677, -3.286474e-16, 3.330669e-16, 0.70710677)
            quatf physics:localRot1 = (1, 0, 0, 0)
        }

        def PhysicsRevoluteJoint "wheel_2_LEFT_H_roller_1_joint" (
            prepend apiSchemas = ["NewtonJointAPI", "PhysicsDriveAPI:angular", "PhysicsJointStateAPI:angular"]
        )
        {
            uniform token drive:angular:physics:type = "force"
            float newton:damping = 0.0000017453292
            uniform token physics:axis = "X"
            custom rel physics:body0
            append rel physics:body0 = </traquad/Geometry/base_link/LH_UPPER_LEG/body_left_H/wheel_2_LEFT_H>
            custom rel physics:body1
            append rel physics:body1 = </traquad/Geometry/base_link/LH_UPPER_LEG/body_left_H/wheel_2_LEFT_H/wheel_2_LEFT_H_roller_1>
            point3f physics:localPos0 = (0.0049497476, 0.0049497476, -0.0225)
            point3f physics:localPos1 = (0, 0, 0)
            quatf physics:localRot0 = (-0.38268343, 1.7646089e-16, -2.7755576e-16, -0.92387956)
            quatf physics:localRot1 = (1, 0, 0, 0)
        }

        def PhysicsRevoluteJoint "wheel_2_LEFT_H_roller_2_joint" (
            prepend apiSchemas = ["NewtonJointAPI", "PhysicsDriveAPI:angular", "PhysicsJointStateAPI:angular"]
        )
        {
            uniform token drive:angular:physics:type = "force"
            float newton:damping = 0.0000017453292
            uniform token physics:axis = "X"
            custom rel physics:body0
            append rel physics:body0 = </traquad/Geometry/base_link/LH_UPPER_LEG/body_left_H/wheel_2_LEFT_H>
            custom rel physics:body1
            append rel physics:body1 = </traquad/Geometry/base_link/LH_UPPER_LEG/body_left_H/wheel_2_LEFT_H/wheel_2_LEFT_H_roller_2>
            point3f physics:localPos0 = (-5.551115e-17, 0.007, -0.0225)
            point3f physics:localPos1 = (0, 0, 0)
            quatf physics:localRot0 = (1.38386125e-17, 1.44327e-17, 2.7755576e-16, 1)
            quatf physics:localRot1 = (1, 0, 0, 0)
        }

        def PhysicsRevoluteJoint "wheel_2_LEFT_H_roller_3_joint" (
            prepend apiSchemas = ["NewtonJointAPI", "PhysicsDriveAPI:angular", "PhysicsJointStateAPI:angular"]
        )
        {
            uniform token drive:angular:physics:type = "force"
            float newton:damping = 0.0000017453292
            uniform token physics:axis = "X"
            custom rel physics:body0
            append rel physics:body0 = </traquad/Geometry/base_link/LH_UPPER_LEG/body_left_H/wheel_2_LEFT_H>
            custom rel physics:body1
            append rel physics:body1 = </traquad/Geometry/base_link/LH_UPPER_LEG/body_left_H/wheel_2_LEFT_H/wheel_2_LEFT_H_roller_3>
            point3f physics:localPos0 = (-0.0049497476, 0.0049497476, -0.0225)
            point3f physics:localPos1 = (0, 0, 0)
            quatf physics:localRot0 = (-0.38268343, -9.927226e-18, 2.220446e-16, 0.92387956)
            quatf physics:localRot1 = (1, 0, 0, 0)
        }

        def PhysicsRevoluteJoint "wheel_2_LEFT_H_roller_4_joint" (
            prepend apiSchemas = ["NewtonJointAPI", "PhysicsDriveAPI:angular", "PhysicsJointStateAPI:angular"]
        )
        {
            uniform token drive:angular:physics:type = "force"
            float newton:damping = 0.0000017453292
            uniform token physics:axis = "X"
            custom rel physics:body0
            append rel physics:body0 = </traquad/Geometry/base_link/LH_UPPER_LEG/body_left_H/wheel_2_LEFT_H>
            custom rel physics:body1
            append rel physics:body1 = </traquad/Geometry/base_link/LH_UPPER_LEG/body_left_H/wheel_2_LEFT_H/wheel_2_LEFT_H_roller_4>
            point3f physics:localPos0 = (-0.007, 8.5719734e-19, -0.0225)
            point3f physics:localPos1 = (0, 0, 0)
            quatf physics:localRot0 = (-0.70710677, 1.7095295e-16, 2.220446e-16, 0.70710677)
            quatf physics:localRot1 = (1, 0, 0, 0)
        }

        def PhysicsRevoluteJoint "wheel_2_LEFT_H_roller_5_joint" (
            prepend apiSchemas = ["NewtonJointAPI", "PhysicsDriveAPI:angular", "PhysicsJointStateAPI:angular"]
        )
        {
            uniform token drive:angular:physics:type = "force"
            float newton:damping = 0.0000017453292
            uniform token physics:axis = "X"
            custom rel physics:body0
            append rel physics:body0 = </traquad/Geometry/base_link/LH_UPPER_LEG/body_left_H/wheel_2_LEFT_H>
            custom rel physics:body1
            append rel physics:body1 = </traquad/Geometry/base_link/LH_UPPER_LEG/body_left_H/wheel_2_LEFT_H/wheel_2_LEFT_H_roller_5>
            point3f physics:localPos0 = (-0.0049497476, -0.0049497476, -0.0225)
            point3f physics:localPos1 = (0, 0, 0)
            quatf physics:localRot0 = (0.9238795, -3.9842625e-16, -5.551115e-17, -0.38268352)
            quatf physics:localRot1 = (1, 0, 0, 0)
        }

        def PhysicsRevoluteJoint "wheel_2_LEFT_H_roller_6_joint" (
            prepend apiSchemas = ["NewtonJointAPI", "PhysicsDriveAPI:angular", "PhysicsJointStateAPI:angular"]
        )
        {
            uniform token drive:angular:physics:type = "force"
            float newton:damping = 0.0000017453292
            uniform token physics:axis = "X"
            custom rel physics:body0
            append rel physics:body0 = </traquad/Geometry/base_link/LH_UPPER_LEG/body_left_H/wheel_2_LEFT_H>
            custom rel physics:body1
            append rel physics:body1 = </traquad/Geometry/base_link/LH_UPPER_LEG/body_left_H/wheel_2_LEFT_H/wheel_2_LEFT_H_roller_6>
            point3f physics:localPos0 = (-1.110223e-16, -0.007, -0.0225)
            point3f physics:localPos1 = (0, 0, 0)
            quatf physics:localRot0 = (1, 0, 0, 0)
            quatf physics:localRot1 = (1, 0, 0, 0)
        }

        def PhysicsRevoluteJoint "wheel_2_LEFT_H_roller_7_joint" (
            prepend apiSchemas = ["NewtonJointAPI", "PhysicsDriveAPI:angular", "PhysicsJointStateAPI:angular"]
        )
        {
            uniform token drive:angular:physics:type = "force"
            float newton:damping = 0.0000017453292
            uniform token physics:axis = "X"
            custom rel physics:body0
            append rel physics:body0 = </traquad/Geometry/base_link/LH_UPPER_LEG/body_left_H/wheel_2_LEFT_H>
            custom rel physics:body1
            append rel physics:body1 = </traquad/Geometry/base_link/LH_UPPER_LEG/body_left_H/wheel_2_LEFT_H/wheel_2_LEFT_H_roller_7>
            point3f physics:localPos0 = (0.0049497476, -0.0049497476, -0.0225)
            point3f physics:localPos1 = (0, 0, 0)
            quatf physics:localRot0 = (0.9238795, -2.1219652e-16, 8.326673e-17, 0.38268352)
            quatf physics:localRot1 = (1, 0, 0, 0)
        }

        def PhysicsRevoluteJoint "joint_wheel_3_LEFT_H" (
            prepend apiSchemas = ["NewtonJointAPI", "PhysicsDriveAPI:angular", "PhysicsJointStateAPI:angular"]
        )
        {
            float drive:angular:physics:maxForce = 10
            uniform token drive:angular:physics:type = "force"
            float newton:velocityLimit = 5729578
            uniform token physics:axis = "Z"
            custom rel physics:body0
            append rel physics:body0 = </traquad/Geometry/base_link/LH_UPPER_LEG/body_left_H>
            custom rel physics:body1
            append rel physics:body1 = </traquad/Geometry/base_link/LH_UPPER_LEG/body_left_H/wheel_3_LEFT_H>
            point3f physics:localPos0 = (0, -0.0510313, -0.0583795)
            point3f physics:localPos1 = (0, 0, 0)
            quatf physics:localRot0 = (0.70710546, 1.5413353e-16, -0.7071081, 3.330669e-16)
            quatf physics:localRot1 = (1, 0, 0, 0)
            custom float urdf:limit:effort = 10
        }

        def PhysicsRevoluteJoint "wheel_3_LEFT_H_roller_0_joint" (
            prepend apiSchemas = ["NewtonJointAPI", "PhysicsDriveAPI:angular", "PhysicsJointStateAPI:angular"]
        )
        {
            uniform token drive:angular:physics:type = "force"
            float newton:damping = 0.0000017453292
            uniform token physics:axis = "X"
            custom rel physics:body0
            append rel physics:body0 = </traquad/Geometry/base_link/LH_UPPER_LEG/body_left_H/wheel_3_LEFT_H>
            custom rel physics:body1
            append rel physics:body1 = </traquad/Geometry/base_link/LH_UPPER_LEG/body_left_H/wheel_3_LEFT_H/wheel_3_LEFT_H_roller_0>
            point3f physics:localPos0 = (0.007, 0, -0.0225)
            point3f physics:localPos1 = (0, 0, 0)
            quatf physics:localRot0 = (0.70710677, -3.286474e-16, 3.330669e-16, 0.70710677)
            quatf physics:localRot1 = (1, 0, 0, 0)
        }

        def PhysicsRevoluteJoint "wheel_3_LEFT_H_roller_1_joint" (
            prepend apiSchemas = ["NewtonJointAPI", "PhysicsDriveAPI:angular", "PhysicsJointStateAPI:angular"]
        )
        {
            uniform token drive:angular:physics:type = "force"
            float newton:damping = 0.0000017453292
            uniform token physics:axis = "X"
            custom rel physics:body0
            append rel physics:body0 = </traquad/Geometry/base_link/LH_UPPER_LEG/body_left_H/wheel_3_LEFT_H>
            custom rel physics:body1
            append rel physics:body1 = </traquad/Geometry/base_link/LH_UPPER_LEG/body_left_H/wheel_3_LEFT_H/wheel_3_LEFT_H_roller_1>
            point3f physics:localPos0 = (0.0049497476, 0.0049497476, -0.0225)
            point3f physics:localPos1 = (0, 0, 0)
            quatf physics:localRot0 = (-0.38268343, 1.7646089e-16, -2.7755576e-16, -0.92387956)
            quatf physics:localRot1 = (1, 0, 0, 0)
        }

        def PhysicsRevoluteJoint "wheel_3_LEFT_H_roller_2_joint" (
            prepend apiSchemas = ["NewtonJointAPI", "PhysicsDriveAPI:angular", "PhysicsJointStateAPI:angular"]
        )
        {
            uniform token drive:angular:physics:type = "force"
            float newton:damping = 0.0000017453292
            uniform token physics:axis = "X"
            custom rel physics:body0
            append rel physics:body0 = </traquad/Geometry/base_link/LH_UPPER_LEG/body_left_H/wheel_3_LEFT_H>
            custom rel physics:body1
            append rel physics:body1 = </traquad/Geometry/base_link/LH_UPPER_LEG/body_left_H/wheel_3_LEFT_H/wheel_3_LEFT_H_roller_2>
            point3f physics:localPos0 = (0, 0.007, -0.0225)
            point3f physics:localPos1 = (0, 0, 0)
            quatf physics:localRot0 = (1.38386125e-17, 1.44327e-17, 2.7755576e-16, 1)
            quatf physics:localRot1 = (1, 0, 0, 0)
        }

        def PhysicsRevoluteJoint "wheel_3_LEFT_H_roller_3_joint" (
            prepend apiSchemas = ["NewtonJointAPI", "PhysicsDriveAPI:angular", "PhysicsJointStateAPI:angular"]
        )
        {
            uniform token drive:angular:physics:type = "force"
            float newton:damping = 0.0000017453292
            uniform token physics:axis = "X"
            custom rel physics:body0
            append rel physics:body0 = </traquad/Geometry/base_link/LH_UPPER_LEG/body_left_H/wheel_3_LEFT_H>
            custom rel physics:body1
            append rel physics:body1 = </traquad/Geometry/base_link/LH_UPPER_LEG/body_left_H/wheel_3_LEFT_H/wheel_3_LEFT_H_roller_3>
            point3f physics:localPos0 = (-0.0049497476, 0.0049497476, -0.0225)
            point3f physics:localPos1 = (0, 0, 0)
            quatf physics:localRot0 = (-0.38268343, -9.927226e-18, 2.220446e-16, 0.92387956)
            quatf physics:localRot1 = (1, 0, 0, 0)
        }

        def PhysicsRevoluteJoint "wheel_3_LEFT_H_roller_4_joint" (
            prepend apiSchemas = ["NewtonJointAPI", "PhysicsDriveAPI:angular", "PhysicsJointStateAPI:angular"]
        )
        {
            uniform token drive:angular:physics:type = "force"
            float newton:damping = 0.0000017453292
            uniform token physics:axis = "X"
            custom rel physics:body0
            append rel physics:body0 = </traquad/Geometry/base_link/LH_UPPER_LEG/body_left_H/wheel_3_LEFT_H>
            custom rel physics:body1
            append rel physics:body1 = </traquad/Geometry/base_link/LH_UPPER_LEG/body_left_H/wheel_3_LEFT_H/wheel_3_LEFT_H_roller_4>
            point3f physics:localPos0 = (-0.007, 0, -0.0225)
            point3f physics:localPos1 = (0, 0, 0)
            quatf physics:localRot0 = (-0.70710677, 1.7095295e-16, 2.220446e-16, 0.70710677)
            quatf physics:localRot1 = (1, 0, 0, 0)
        }

        def PhysicsRevoluteJoint "wheel_3_LEFT_H_roller_5_joint" (
            prepend apiSchemas = ["NewtonJointAPI", "PhysicsDriveAPI:angular", "PhysicsJointStateAPI:angular"]
        )
        {
            uniform token drive:angular:physics:type = "force"
            float newton:damping = 0.0000017453292
            uniform token physics:axis = "X"
            custom rel physics:body0
            append rel physics:body0 = </traquad/Geometry/base_link/LH_UPPER_LEG/body_left_H/wheel_3_LEFT_H>
            custom rel physics:body1
            append rel physics:body1 = </traquad/Geometry/base_link/LH_UPPER_LEG/body_left_H/wheel_3_LEFT_H/wheel_3_LEFT_H_roller_5>
            point3f physics:localPos0 = (-0.0049497476, -0.0049497476, -0.0225)
            point3f physics:localPos1 = (0, 0, 0)
            quatf physics:localRot0 = (0.9238795, -3.9842625e-16, -5.551115e-17, -0.38268352)
            quatf physics:localRot1 = (1, 0, 0, 0)
        }

        def PhysicsRevoluteJoint "wheel_3_LEFT_H_roller_6_joint" (
            prepend apiSchemas = ["NewtonJointAPI", "PhysicsDriveAPI:angular", "PhysicsJointStateAPI:angular"]
        )
        {
            uniform token drive:angular:physics:type = "force"
            float newton:damping = 0.0000017453292
            uniform token physics:axis = "X"
            custom rel physics:body0
            append rel physics:body0 = </traquad/Geometry/base_link/LH_UPPER_LEG/body_left_H/wheel_3_LEFT_H>
            custom rel physics:body1
            append rel physics:body1 = </traquad/Geometry/base_link/LH_UPPER_LEG/body_left_H/wheel_3_LEFT_H/wheel_3_LEFT_H_roller_6>
            point3f physics:localPos0 = (-5.551115e-17, -0.007, -0.0225)
            point3f physics:localPos1 = (0, 0, 0)
            quatf physics:localRot0 = (1, 0, 0, 0)
            quatf physics:localRot1 = (1, 0, 0, 0)
        }

        def PhysicsRevoluteJoint "wheel_3_LEFT_H_roller_7_joint" (
            prepend apiSchemas = ["NewtonJointAPI", "PhysicsDriveAPI:angular", "PhysicsJointStateAPI:angular"]
        )
        {
            uniform token drive:angular:physics:type = "force"
            float newton:damping = 0.0000017453292
            uniform token physics:axis = "X"
            custom rel physics:body0
            append rel physics:body0 = </traquad/Geometry/base_link/LH_UPPER_LEG/body_left_H/wheel_3_LEFT_H>
            custom rel physics:body1
            append rel physics:body1 = </traquad/Geometry/base_link/LH_UPPER_LEG/body_left_H/wheel_3_LEFT_H/wheel_3_LEFT_H_roller_7>
            point3f physics:localPos0 = (0.0049497476, -0.0049497476, -0.0225)
            point3f physics:localPos1 = (0, 0, 0)
            quatf physics:localRot0 = (0.9238795, -2.1219652e-16, 8.326673e-17, 0.38268352)
            quatf physics:localRot1 = (1, 0, 0, 0)
        }

        def PhysicsRevoluteJoint "joint_wheel_4_LEFT_H" (
            prepend apiSchemas = ["NewtonJointAPI", "PhysicsDriveAPI:angular", "PhysicsJointStateAPI:angular"]
        )
        {
            float drive:angular:physics:maxForce = 10
            uniform token drive:angular:physics:type = "force"
            float newton:velocityLimit = 5729578
            uniform token physics:axis = "Z"
            custom rel physics:body0
            append rel physics:body0 = </traquad/Geometry/base_link/LH_UPPER_LEG/body_left_H>
            custom rel physics:body1
            append rel physics:body1 = </traquad/Geometry/base_link/LH_UPPER_LEG/body_left_H/wheel_4_LEFT_H>
            point3f physics:localPos0 = (0, -0.0766777, -0.0417374)
            point3f physics:localPos1 = (0, 0, 0)
            quatf physics:localRot0 = (0.70710546, 1.5413353e-16, -0.7071081, 3.330669e-16)
            quatf physics:localRot1 = (1, 0, 0, 0)
            custom float urdf:limit:effort = 10
        }

        def PhysicsRevoluteJoint "body_left_F_ankle" (
            prepend apiSchemas = ["NewtonJointAPI", "PhysicsDriveAPI:angular", "PhysicsJointStateAPI:angular"]
        )
        {
            float drive:angular:physics:maxForce = 10
            uniform token drive:angular:physics:type = "force"
            float newton:damping = 0.00017453292
            float newton:velocityLimit = 572.9578
            uniform token physics:axis = "X"
            custom rel physics:body0
            append rel physics:body0 = </traquad/Geometry/base_link/LF_UPPER_LEG>
            custom rel physics:body1
            append rel physics:body1 = </traquad/Geometry/base_link/LF_UPPER_LEG/body_left_F>
            point3f physics:localPos0 = (0.19, 0.05, 0)
            point3f physics:localPos1 = (0, 0, 0)
            quatf physics:localRot0 = (-0.49999815, 0.5, 0.50000185, -0.5)
            quatf physics:localRot1 = (1, 0, 0, 0)
            float physics:lowerLimit = -24.224655
            float physics:upperLimit = 35.775486
            custom float urdf:limit:effort = 10
        }

        def PhysicsRevoluteJoint "joint_wheel_1_LEFT_F" (
            prepend apiSchemas = ["NewtonJointAPI", "PhysicsDriveAPI:angular", "PhysicsJointStateAPI:angular"]
        )
        {
            float drive:angular:physics:maxForce = 10
            uniform token drive:angular:physics:type = "force"
            float newton:velocityLimit = 5729578
            uniform token physics:axis = "Z"
            custom rel physics:body0
            append rel physics:body0 = </traquad/Geometry/base_link/LF_UPPER_LEG/body_left_F>
            custom rel physics:body1
            append rel physics:body1 = </traquad/Geometry/base_link/LF_UPPER_LEG/body_left_F/wheel_1_LEFT_F>
            point3f physics:localPos0 = (0, 0.0484063, -0.0583795)
            point3f physics:localPos1 = (0, 0, 0)
            quatf physics:localRot0 = (-0.70710546, 1.3538763e-16, 0.7071081, 5.551115e-17)
            quatf physics:localRot1 = (1, 0, 0, 0)
            custom float urdf:limit:effort = 10
        }

        def PhysicsRevoluteJoint "wheel_1_LEFT_F_roller_0_joint" (
            prepend apiSchemas = ["NewtonJointAPI", "PhysicsDriveAPI:angular", "PhysicsJointStateAPI:angular"]
        )
        {
            uniform token drive:angular:physics:type = "force"
            float newton:damping = 0.0000017453292
            uniform token physics:axis = "X"
            custom rel physics:body0
            append rel physics:body0 = </traquad/Geometry/base_link/LF_UPPER_LEG/body_left_F/wheel_1_LEFT_F>
            custom rel physics:body1
            append rel physics:body1 = </traquad/Geometry/base_link/LF_UPPER_LEG/body_left_F/wheel_1_LEFT_F/wheel_1_LEFT_F_roller_0>
            point3f physics:localPos0 = (0.007, 0, -0.0225)
            point3f physics:localPos1 = (0, 0, 0)
            quatf physics:localRot0 = (-0.70710677, 4.1802346e-17, -1.6653345e-16, -0.70710677)
            quatf physics:localRot1 = (1, 0, 0, 0)
        }

        def PhysicsRevoluteJoint "wheel_1_LEFT_F_roller_1_joint" (
            prepend apiSchemas = ["NewtonJointAPI", "PhysicsDriveAPI:angular", "PhysicsJointStateAPI:angular"]
        )
        {
            uniform token drive:angular:physics:type = "force"
            float newton:damping = 0.0000017453292
            uniform token physics:axis = "X"
            custom rel physics:body0
            append rel physics:body0 = </traquad/Geometry/base_link/LF_UPPER_LEG/body_left_F/wheel_1_LEFT_F>
            custom rel physics:body1
            append rel physics:body1 = </traquad/Geometry/base_link/LF_UPPER_LEG/body_left_F/wheel_1_LEFT_F/wheel_1_LEFT_F_roller_1>
            point3f physics:localPos0 = (0.0049497476, 0.0049497476, -0.0225)
            point3f physics:localPos1 = (0, 0, 0)
            quatf physics:localRot0 = (-0.38268343, 5.9647637e-17, 1.110223e-16, -0.92387956)
            quatf physics:localRot1 = (1, 0, 0, 0)
        }

        def PhysicsRevoluteJoint "wheel_1_LEFT_F_roller_2_joint" (
            prepend apiSchemas = ["NewtonJointAPI", "PhysicsDriveAPI:angular", "PhysicsJointStateAPI:angular"]
        )
        {
            uniform token drive:angular:physics:type = "force"
            float newton:damping = 0.0000017453292
            uniform token physics:axis = "X"
            custom rel physics:body0
            append rel physics:body0 = </traquad/Geometry/base_link/LF_UPPER_LEG/body_left_F/wheel_1_LEFT_F>
            custom rel physics:body1
            append rel physics:body1 = </traquad/Geometry/base_link/LF_UPPER_LEG/body_left_F/wheel_1_LEFT_F/wheel_1_LEFT_F_roller_2>
            point3f physics:localPos0 = (-5.551115e-17, 0.007, -0.0225)
            point3f physics:localPos1 = (0, 0, 0)
            quatf physics:localRot0 = (-1.4327393e-16, 8.164127e-18, -1.6653345e-16, -1)
            quatf physics:localRot1 = (1, 0, 0, 0)
        }

        def PhysicsRevoluteJoint "wheel_1_LEFT_F_roller_3_joint" (
            prepend apiSchemas = ["NewtonJointAPI", "PhysicsDriveAPI:angular", "PhysicsJointStateAPI:angular"]
        )
        {
            uniform token drive:angular:physics:type = "force"
            float newton:damping = 0.0000017453292
            uniform token physics:axis = "X"
            custom rel physics:body0
            append rel physics:body0 = </traquad/Geometry/base_link/LF_UPPER_LEG/body_left_F/wheel_1_LEFT_F>
            custom rel physics:body1
            append rel physics:body1 = </traquad/Geometry/base_link/LF_UPPER_LEG/body_left_F/wheel_1_LEFT_F/wheel_1_LEFT_F_roller_3>
            point3f physics:localPos0 = (-0.0049497476, 0.0049497476, -0.0225)
            point3f physics:localPos1 = (0, 0, 0)
            quatf physics:localRot0 = (0.38268343, -1.06885394e-16, -1.6653345e-16, -0.92387956)
            quatf physics:localRot1 = (1, 0, 0, 0)
        }

        def PhysicsRevoluteJoint "wheel_1_LEFT_F_roller_4_joint" (
            prepend apiSchemas = ["NewtonJointAPI", "PhysicsDriveAPI:angular", "PhysicsJointStateAPI:angular"]
        )
        {
            uniform token drive:angular:physics:type = "force"
            float newton:damping = 0.0000017453292
            uniform token physics:axis = "X"
            custom rel physics:body0
            append rel physics:body0 = </traquad/Geometry/base_link/LF_UPPER_LEG/body_left_F/wheel_1_LEFT_F>
            custom rel physics:body1
            append rel physics:body1 = </traquad/Geometry/base_link/LF_UPPER_LEG/body_left_F/wheel_1_LEFT_F/wheel_1_LEFT_F_roller_4>
            point3f physics:localPos0 = (-0.007, 0, -0.0225)
            point3f physics:localPos1 = (0, 0, 0)
            quatf physics:localRot0 = (0.70710677, 9.7313074e-17, -1.6653345e-16, -0.70710677)
            quatf physics:localRot1 = (1, 0, 0, 0)
        }

        def PhysicsRevoluteJoint "wheel_1_LEFT_F_roller_5_joint" (
            prepend apiSchemas = ["NewtonJointAPI", "PhysicsDriveAPI:angular", "PhysicsJointStateAPI:angular"]
        )
        {
            uniform token drive:angular:physics:type = "force"
            float newton:damping = 0.0000017453292
            uniform token physics:axis = "X"
            custom rel physics:body0
            append rel physics:body0 = </traquad/Geometry/base_link/LF_UPPER_LEG/body_left_F/wheel_1_LEFT_F>
            custom rel physics:body1
            append rel physics:body1 = </traquad/Geometry/base_link/LF_UPPER_LEG/body_left_F/wheel_1_LEFT_F/wheel_1_LEFT_F_roller_5>
            point3f physics:localPos0 = (-0.0049497476, -0.0049497476, -0.0225)
            point3f physics:localPos1 = (0, 0, 0)
            quatf physics:localRot0 = (0.9238795, 2.1043687e-17, -8.326673e-17, -0.38268352)
            quatf physics:localRot1 = (1, 0, 0, 0)
        }

        def PhysicsRevoluteJoint "wheel_1_LEFT_F_roller_6_joint" (
            prepend apiSchemas = ["NewtonJointAPI", "PhysicsDriveAPI:angular", "PhysicsJointStateAPI:angular"]
        )
        {
            uniform token drive:angular:physics:type = "force"
            float newton:damping = 0.0000017453292
            uniform token physics:axis = "X"
            custom rel physics:body0
            append rel physics:body0 = </traquad/Geometry/base_link/LF_UPPER_LEG/body_left_F/wheel_1_LEFT_F>
            custom rel physics:body1
            append rel physics:body1 = </traquad/Geometry/base_link/LF_UPPER_LEG/body_left_F/wheel_1_LEFT_F/wheel_1_LEFT_F_roller_6>
            point3f physics:localPos0 = (-5.551115e-17, -0.007, -0.0225)
            point3f physics:localPos1 = (0, 0, 0)
            quatf physics:localRot0 = (1, 0, 0, 0)
            quatf physics:localRot1 = (1, 0, 0, 0)
        }

        def PhysicsRevoluteJoint "wheel_1_LEFT_F_roller_7_joint" (
            prepend apiSchemas = ["NewtonJointAPI", "PhysicsDriveAPI:angular", "PhysicsJointStateAPI:angular"]
        )
        {
            uniform token drive:angular:physics:type = "force"
            float newton:damping = 0.0000017453292
            uniform token physics:axis = "X"
            custom rel physics:body0
            append rel physics:body0 = </traquad/Geometry/base_link/LF_UPPER_LEG/body_left_F/wheel_1_LEFT_F>
            custom rel physics:body1
            append rel physics:body1 = </traquad/Geometry/base_link/LF_UPPER_LEG/body_left_F/wheel_1_LEFT_F/wheel_1_LEFT_F_roller_7>
            point3f physics:localPos0 = (0.0049497476, -0.0049497476, -0.0225)
            point3f physics:localPos1 = (0, 0, 0)
            quatf physics:localRot0 = (-0.9238795, 2.1043475e-17, -2.7755576e-17, -0.38268352)
            quatf physics:localRot1 = (1, 0, 0, 0)
        }

        def PhysicsRevoluteJoint "joint_wheel_2_LEFT_F" (
            prepend apiSchemas = ["NewtonJointAPI", "PhysicsDriveAPI:angular", "PhysicsJointStateAPI:angular"]
        )
        {
            float drive:angular:physics:maxForce = 10
            uniform token drive:angular:physics:type = "force"
            float newton:velocityLimit = 5729578
            uniform token physics:axis = "Z"
            custom rel physics:body0
            append rel physics:body0 = </traquad/Geometry/base_link/LF_UPPER_LEG/body_left_F>
            custom rel physics:body1
            append rel physics:body1 = </traquad/Geometry/base_link/LF_UPPER_LEG/body_left_F/wheel_2_LEFT_F>
            point3f physics:localPos0 = (0, 1.0777901e-16, -0.0583795)
            point3f physics:localPos1 = (0, 0, 0)
            quatf physics:localRot0 = (-0.70710546, 1.3538763e-16, 0.7071081, 5.551115e-17)
            quatf physics:localRot1 = (1, 0, 0, 0)
            custom float urdf:limit:effort = 10
        }

        def PhysicsRevoluteJoint "wheel_2_LEFT_F_roller_0_joint" (
            prepend apiSchemas = ["NewtonJointAPI", "PhysicsDriveAPI:angular", "PhysicsJointStateAPI:angular"]
        )
        {
            uniform token drive:angular:physics:type = "force"
            float newton:damping = 0.0000017453292
            uniform token physics:axis = "X"
            custom rel physics:body0
            append rel physics:body0 = </traquad/Geometry/base_link/LF_UPPER_LEG/body_left_F/wheel_2_LEFT_F>
            custom rel physics:body1
            append rel physics:body1 = </traquad/Geometry/base_link/LF_UPPER_LEG/body_left_F/wheel_2_LEFT_F/wheel_2_LEFT_F_roller_0>
            point3f physics:localPos0 = (0.007, -4.2351647e-22, -0.0225)
            point3f physics:localPos1 = (0, 0, 0)
            quatf physics:localRot0 = (-0.70710677, 4.1802346e-17, -1.6653345e-16, -0.70710677)
            quatf physics:localRot1 = (1, 0, 0, 0)
        }

        def PhysicsRevoluteJoint "wheel_2_LEFT_F_roller_1_joint" (
            prepend apiSchemas = ["NewtonJointAPI", "PhysicsDriveAPI:angular", "PhysicsJointStateAPI:angular"]
        )
        {
            uniform token drive:angular:physics:type = "force"
            float newton:damping = 0.0000017453292
            uniform token physics:axis = "X"
            custom rel physics:body0
            append rel physics:body0 = </traquad/Geometry/base_link/LF_UPPER_LEG/body_left_F/wheel_2_LEFT_F>
            custom rel physics:body1
            append rel physics:body1 = </traquad/Geometry/base_link/LF_UPPER_LEG/body_left_F/wheel_2_LEFT_F/wheel_2_LEFT_F_roller_1>
            point3f physics:localPos0 = (0.0049497476, 0.0049497476, -0.0225)
            point3f physics:localPos1 = (0, 0, 0)
            quatf physics:localRot0 = (-0.38268343, 5.9647637e-17, 1.110223e-16, -0.92387956)
            quatf physics:localRot1 = (1, 0, 0, 0)
        }

        def PhysicsRevoluteJoint "wheel_2_LEFT_F_roller_2_joint" (
            prepend apiSchemas = ["NewtonJointAPI", "PhysicsDriveAPI:angular", "PhysicsJointStateAPI:angular"]
        )
        {
            uniform token drive:angular:physics:type = "force"
            float newton:damping = 0.0000017453292
            uniform token physics:axis = "X"
            custom rel physics:body0
            append rel physics:body0 = </traquad/Geometry/base_link/LF_UPPER_LEG/body_left_F/wheel_2_LEFT_F>
            custom rel physics:body1
            append rel physics:body1 = </traquad/Geometry/base_link/LF_UPPER_LEG/body_left_F/wheel_2_LEFT_F/wheel_2_LEFT_F_roller_2>
            point3f physics:localPos0 = (-5.551115e-17, 0.007, -0.0225)
            point3f physics:localPos1 = (0, 0, 0)
            quatf physics:localRot0 = (-1.4327393e-16, 8.164127e-18, -1.6653345e-16, -1)
            quatf physics:localRot1 = (1, 0, 0, 0)
        }

        def PhysicsRevoluteJoint "wheel_2_LEFT_F_roller_3_joint" (
            prepend apiSchemas = ["NewtonJointAPI", "PhysicsDriveAPI:angular", "PhysicsJointStateAPI:angular"]
        )
        {
            uniform token drive:angular:physics:type = "force"
            float newton:damping = 0.0000017453292
            uniform token physics:axis = "X"
            custom rel physics:body0
            append rel physics:body0 = </traquad/Geometry/base_link/LF_UPPER_LEG/body_left_F/wheel_2_LEFT_F>
            custom rel physics:body1
            append rel physics:body1 = </traquad/Geometry/base_link/LF_UPPER_LEG/body_left_F/wheel_2_LEFT_F/wheel_2_LEFT_F_roller_3>
            point3f physics:localPos0 = (-0.0049497476, 0.0049497476, -0.0225)
            point3f physics:localPos1 = (0, 0, 0)
            quatf physics:localRot0 = (0.38268343, -1.06885394e-16, -1.6653345e-16, -0.92387956)
            quatf physics:localRot1 = (1, 0, 0, 0)
        }

        def PhysicsRevoluteJoint "wheel_2_LEFT_F_roller_4_joint" (
            prepend apiSchemas = ["NewtonJointAPI", "PhysicsDriveAPI:angular", "PhysicsJointStateAPI:angular"]
        )
        {
            uniform token drive:angular:physics:type = "force"
            float newton:damping = 0.0000017453292
            uniform token physics:axis = "X"
            custom rel physics:body0
            append rel physics:body0 = </traquad/Geometry/base_link/LF_UPPER_LEG/body_left_F/wheel_2_LEFT_F>
            custom rel physics:body1
            append rel physics:body1 = </traquad/Geometry/base_link/LF_UPPER_LEG/body_left_F/wheel_2_LEFT_F/wheel_2_LEFT_F_roller_4>
            point3f physics:localPos0 = (-0.007, 8.5677383e-19, -0.0225)
            point3f physics:localPos1 = (0, 0, 0)
            quatf physics:localRot0 = (0.70710677, 9.7313074e-17, -1.6653345e-16, -0.70710677)
            quatf physics:localRot1 = (1, 0, 0, 0)
        }

        def PhysicsRevoluteJoint "wheel_2_LEFT_F_roller_5_joint" (
            prepend apiSchemas = ["NewtonJointAPI", "PhysicsDriveAPI:angular", "PhysicsJointStateAPI:angular"]
        )
        {
            uniform token drive:angular:physics:type = "force"
            float newton:damping = 0.0000017453292
            uniform token physics:axis = "X"
            custom rel physics:body0
            append rel physics:body0 = </traquad/Geometry/base_link/LF_UPPER_LEG/body_left_F/wheel_2_LEFT_F>
            custom rel physics:body1
            append rel physics:body1 = </traquad/Geometry/base_link/LF_UPPER_LEG/body_left_F/wheel_2_LEFT_F/wheel_2_LEFT_F_roller_5>
            point3f physics:localPos0 = (-0.0049497476, -0.0049497476, -0.0225)
            point3f physics:localPos1 = (0, 0, 0)
            quatf physics:localRot0 = (0.9238795, 2.1043687e-17, -8.326673e-17, -0.38268352)
            quatf physics:localRot1 = (1, 0, 0, 0)
        }

        def PhysicsRevoluteJoint "wheel_2_LEFT_F_roller_6_joint" (
            prepend apiSchemas = ["NewtonJointAPI", "PhysicsDriveAPI:angular", "PhysicsJointStateAPI:angular"]
        )
        {
            uniform token drive:angular:physics:type = "force"
            float newton:damping = 0.0000017453292
            uniform token physics:axis = "X"
            custom rel physics:body0
            append rel physics:body0 = </traquad/Geometry/base_link/LF_UPPER_LEG/body_left_F/wheel_2_LEFT_F>
            custom rel physics:body1
            append rel physics:body1 = </traquad/Geometry/base_link/LF_UPPER_LEG/body_left_F/wheel_2_LEFT_F/wheel_2_LEFT_F_roller_6>
            point3f physics:localPos0 = (0, -0.007, -0.0225)
            point3f physics:localPos1 = (0, 0, 0)
            quatf physics:localRot0 = (1, 0, 0, 0)
            quatf physics:localRot1 = (1, 0, 0, 0)
        }

        def PhysicsRevoluteJoint "wheel_2_LEFT_F_roller_7_joint" (
            prepend apiSchemas = ["NewtonJointAPI", "PhysicsDriveAPI:angular", "PhysicsJointStateAPI:angular"]
        )
        {
            uniform token drive:angular:physics:type = "force"
            float newton:damping = 0.0000017453292
            uniform token physics:axis = "X"
            custom rel physics:body0
            append rel physics:body0 = </traquad/Geometry/base_link/LF_UPPER_LEG/body_left_F/wheel_2_LEFT_F>
            custom rel physics:body1
            append rel physics:body1 = </traquad/Geometry/base_link/LF_UPPER_LEG/body_left_F/wheel_2_LEFT_F/wheel_2_LEFT_F_roller_7>
            point3f physics:localPos0 = (0.0049497476, -0.0049497476, -0.0225)
            point3f physics:localPos1 = (0, 0, 0)
            quatf physics:localRot0 = (-0.9238795, 2.1043475e-17, -2.7755576e-17, -0.38268352)
            quatf physics:localRot1 = (1, 0, 0, 0)
        }

        def PhysicsRevoluteJoint "joint_wheel_3_LEFT_F" (
            prepend apiSchemas = ["NewtonJointAPI", "PhysicsDriveAPI:angular", "PhysicsJointStateAPI:angular"]
        )
        {
            float drive:angular:physics:maxForce = 10
            uniform token drive:angular:physics:type = "force"
            float newton:velocityLimit = 5729578
            uniform token physics:axis = "Z"
            custom rel physics:body0
            append rel physics:body0 = </traquad/Geometry/base_link/LF_UPPER_LEG/body_left_F>
            custom rel physics:body1
            append rel physics:body1 = </traquad/Geometry/base_link/LF_UPPER_LEG/body_left_F/wheel_3_LEFT_F>
            point3f physics:localPos0 = (0, -0.0510313, -0.0583795)
            point3f physics:localPos1 = (0, 0, 0)
            quatf physics:localRot0 = (-0.70710546, 1.3538763e-16, 0.7071081, 5.551115e-17)
            quatf physics:localRot1 = (1, 0, 0, 0)
            custom float urdf:limit:effort = 10
        }

        def PhysicsRevoluteJoint "wheel_3_LEFT_F_roller_0_joint" (
            prepend apiSchemas = ["NewtonJointAPI", "PhysicsDriveAPI:angular", "PhysicsJointStateAPI:angular"]
        )
        {
            uniform token drive:angular:physics:type = "force"
            float newton:damping = 0.0000017453292
            uniform token physics:axis = "X"
            custom rel physics:body0
            append rel physics:body0 = </traquad/Geometry/base_link/LF_UPPER_LEG/body_left_F/wheel_3_LEFT_F>
            custom rel physics:body1
            append rel physics:body1 = </traquad/Geometry/base_link/LF_UPPER_LEG/body_left_F/wheel_3_LEFT_F/wheel_3_LEFT_F_roller_0>
            point3f physics:localPos0 = (0.007, 0, -0.0225)
            point3f physics:localPos1 = (0, 0, 0)
            quatf physics:localRot0 = (-0.70710677, 4.1802346e-17, -1.6653345e-16, -0.70710677)
            quatf physics:localRot1 = (1, 0, 0, 0)
        }

        def PhysicsRevoluteJoint "wheel_3_LEFT_F_roller_1_joint" (
            prepend apiSchemas = ["NewtonJointAPI", "PhysicsDriveAPI:angular", "PhysicsJointStateAPI:angular"]
        )
        {
            uniform token drive:angular:physics:type = "force"
            float newton:damping = 0.0000017453292
            uniform token physics:axis = "X"
            custom rel physics:body0
            append rel physics:body0 = </traquad/Geometry/base_link/LF_UPPER_LEG/body_left_F/wheel_3_LEFT_F>
            custom rel physics:body1
            append rel physics:body1 = </traquad/Geometry/base_link/LF_UPPER_LEG/body_left_F/wheel_3_LEFT_F/wheel_3_LEFT_F_roller_1>
            point3f physics:localPos0 = (0.0049497476, 0.0049497476, -0.0225)
            point3f physics:localPos1 = (0, 0, 0)
            quatf physics:localRot0 = (-0.38268343, 5.9647637e-17, 1.110223e-16, -0.92387956)
            quatf physics:localRot1 = (1, 0, 0, 0)
        }

        def PhysicsRevoluteJoint "wheel_3_LEFT_F_roller_2_joint" (
            prepend apiSchemas = ["NewtonJointAPI", "PhysicsDriveAPI:angular", "PhysicsJointStateAPI:angular"]
        )
        {
            uniform token drive:angular:physics:type = "force"
            float newton:damping = 0.0000017453292
            uniform token physics:axis = "X"
            custom rel physics:body0
            append rel physics:body0 = </traquad/Geometry/base_link/LF_UPPER_LEG/body_left_F/wheel_3_LEFT_F>
            custom rel physics:body1
            append rel physics:body1 = </traquad/Geometry/base_link/LF_UPPER_LEG/body_left_F/wheel_3_LEFT_F/wheel_3_LEFT_F_roller_2>
            point3f physics:localPos0 = (0, 0.007, -0.0225)
            point3f physics:localPos1 = (0, 0, 0)
            quatf physics:localRot0 = (-1.4327393e-16, 8.164127e-18, -1.6653345e-16, -1)
            quatf physics:localRot1 = (1, 0, 0, 0)
        }

        def PhysicsRevoluteJoint "wheel_3_LEFT_F_roller_3_joint" (
            prepend apiSchemas = ["NewtonJointAPI", "PhysicsDriveAPI:angular", "PhysicsJointStateAPI:angular"]
        )
        {
            uniform token drive:angular:physics:type = "force"
            float newton:damping = 0.0000017453292
            uniform token physics:axis = "X"
            custom rel physics:body0
            append rel physics:body0 = </traquad/Geometry/base_link/LF_UPPER_LEG/body_left_F/wheel_3_LEFT_F>
            custom rel physics:body1
            append rel physics:body1 = </traquad/Geometry/base_link/LF_UPPER_LEG/body_left_F/wheel_3_LEFT_F/wheel_3_LEFT_F_roller_3>
            point3f physics:localPos0 = (-0.0049497476, 0.0049497476, -0.0225)
            point3f physics:localPos1 = (0, 0, 0)
            quatf physics:localRot0 = (0.38268343, -1.06885394e-16, -1.6653345e-16, -0.92387956)
            quatf physics:localRot1 = (1, 0, 0, 0)
        }

        def PhysicsRevoluteJoint "wheel_3_LEFT_F_roller_4_joint" (
            prepend apiSchemas = ["NewtonJointAPI", "PhysicsDriveAPI:angular", "PhysicsJointStateAPI:angular"]
        )
        {
            uniform token drive:angular:physics:type = "force"
            float newton:damping = 0.0000017453292
            uniform token physics:axis = "X"
            custom rel physics:body0
            append rel physics:body0 = </traquad/Geometry/base_link/LF_UPPER_LEG/body_left_F/wheel_3_LEFT_F>
            custom rel physics:body1
            append rel physics:body1 = </traquad/Geometry/base_link/LF_UPPER_LEG/body_left_F/wheel_3_LEFT_F/wheel_3_LEFT_F_roller_4>
            point3f physics:localPos0 = (-0.007, 0, -0.0225)
            point3f physics:localPos1 = (0, 0, 0)
            quatf physics:localRot0 = (0.70710677, 9.7313074e-17, -1.6653345e-16, -0.70710677)
            quatf physics:localRot1 = (1, 0, 0, 0)
        }

        def PhysicsRevoluteJoint "wheel_3_LEFT_F_roller_5_joint" (
            prepend apiSchemas = ["NewtonJointAPI", "PhysicsDriveAPI:angular", "PhysicsJointStateAPI:angular"]
        )
        {
            uniform token drive:angular:physics:type = "force"
            float newton:damping = 0.0000017453292
            uniform token physics:axis = "X"
            custom rel physics:body0
            append rel physics:body0 = </traquad/Geometry/base_link/LF_UPPER_LEG/body_left_F/wheel_3_LEFT_F>
            custom rel physics:body1
            append rel physics:body1 = </traquad/Geometry/base_link/LF_UPPER_LEG/body_left_F/wheel_3_LEFT_F/wheel_3_LEFT_F_roller_5>
            point3f physics:localPos0 = (-0.0049497476, -0.0049497476, -0.0225)
            point3f physics:localPos1 = (0, 0, 0)
            quatf physics:localRot0 = (0.9238795, 2.1043687e-17, -8.326673e-17, -0.38268352)
            quatf physics:localRot1 = (1, 0, 0, 0)
        }

        def PhysicsRevoluteJoint "wheel_3_LEFT_F_roller_6_joint" (
            prepend apiSchemas = ["NewtonJointAPI", "PhysicsDriveAPI:angular", "PhysicsJointStateAPI:angular"]
        )
        {
            uniform token drive:angular:physics:type = "force"
            float newton:damping = 0.0000017453292
            uniform token physics:axis = "X"
            custom rel physics:body0
            append rel physics:body0 = </traquad/Geometry/base_link/LF_UPPER_LEG/body_left_F/wheel_3_LEFT_F>
            custom rel physics:body1
            append rel physics:body1 = </traquad/Geometry/base_link/LF_UPPER_LEG/body_left_F/wheel_3_LEFT_F/wheel_3_LEFT_F_roller_6>
            point3f physics:localPos0 = (5.551115e-17, -0.007, -0.0225)
            point3f physics:localPos1 = (0, 0, 0)
            quatf physics:localRot0 = (1, 0, 0, 0)
            quatf physics:localRot1 = (1, 0, 0, 0)
        }

        def PhysicsRevoluteJoint "wheel_3_LEFT_F_roller_7_joint" (
            prepend apiSchemas = ["NewtonJointAPI", "PhysicsDriveAPI:angular", "PhysicsJointStateAPI:angular"]
        )
        {
            uniform token drive:angular:physics:type = "force"
            float newton:damping = 0.0000017453292
            uniform token physics:axis = "X"
            custom rel physics:body0
            append rel physics:body0 = </traquad/Geometry/base_link/LF_UPPER_LEG/body_left_F/wheel_3_LEFT_F>
            custom rel physics:body1
            append rel physics:body1 = </traquad/Geometry/base_link/LF_UPPER_LEG/body_left_F/wheel_3_LEFT_F/wheel_3_LEFT_F_roller_7>
            point3f physics:localPos0 = (0.0049497476, -0.0049497476, -0.0225)
            point3f physics:localPos1 = (0, 0, 0)
            quatf physics:localRot0 = (-0.9238795, 2.1043475e-17, -2.7755576e-17, -0.38268352)
            quatf physics:localRot1 = (1, 0, 0, 0)
        }

        def PhysicsRevoluteJoint "joint_wheel_4_LEFT_F" (
            prepend apiSchemas = ["NewtonJointAPI", "PhysicsDriveAPI:angular", "PhysicsJointStateAPI:angular"]
        )
        {
            float drive:angular:physics:maxForce = 10
            uniform token drive:angular:physics:type = "force"
            float newton:velocityLimit = 5729578
            uniform token physics:axis = "Z"
            custom rel physics:body0
            append rel physics:body0 = </traquad/Geometry/base_link/LF_UPPER_LEG/body_left_F>
            custom rel physics:body1
            append rel physics:body1 = </traquad/Geometry/base_link/LF_UPPER_LEG/body_left_F/wheel_4_LEFT_F>
            point3f physics:localPos0 = (0, -0.0766777, -0.0417374)
            point3f physics:localPos1 = (0, 0, 0)
            quatf physics:localRot0 = (-0.70710546, 1.3538763e-16, 0.7071081, 5.551115e-17)
            quatf physics:localRot1 = (1, 0, 0, 0)
            custom float urdf:limit:effort = 10
        }

        def PhysicsRevoluteJoint "body_right_F_ankle" (
            prepend apiSchemas = ["NewtonJointAPI", "PhysicsDriveAPI:angular", "PhysicsJointStateAPI:angular"]
        )
        {
            float drive:angular:physics:maxForce = 10
            uniform token drive:angular:physics:type = "force"
            float newton:damping = 0.00017453292
            float newton:velocityLimit = 572.9578
            uniform token physics:axis = "X"
            custom rel physics:body0
            append rel physics:body0 = </traquad/Geometry/base_link/RF_UPPER_LEG>
            custom rel physics:body1
            append rel physics:body1 = </traquad/Geometry/base_link/RF_UPPER_LEG/body_right_F>
            point3f physics:localPos0 = (0.19, -0.05, 0)
            point3f physics:localPos1 = (0, 0, 0)
            quatf physics:localRot0 = (9.38184e-7, 0.70710546, 0.7071081, 9.381874e-7)
            quatf physics:localRot1 = (1, 0, 0, 0)
            float physics:lowerLimit = -24.224655
            float physics:upperLimit = 35.775486
            custom float urdf:limit:effort = 10
        }

        def PhysicsRevoluteJoint "joint_wheel_1_RIGHT_F" (
            prepend apiSchemas = ["NewtonJointAPI", "PhysicsDriveAPI:angular", "PhysicsJointStateAPI:angular"]
        )
        {
            float drive:angular:physics:maxForce = 10
            uniform token drive:angular:physics:type = "force"
            float newton:velocityLimit = 5729578
            uniform token physics:axis = "Z"
            custom rel physics:body0
            append rel physics:body0 = </traquad/Geometry/base_link/RF_UPPER_LEG/body_right_F>
            custom rel physics:body1
            append rel physics:body1 = </traquad/Geometry/base_link/RF_UPPER_LEG/body_right_F/wheel_1_RIGHT_F>
            point3f physics:localPos0 = (2.7755576e-17, 0.0583795, 0.0484062)
            point3f physics:localPos1 = (0, 0, 0)
            quatf physics:localRot0 = (0.49999815, -0.5, 0.50000185, -0.5)
            quatf physics:localRot1 = (1, 0, 0, 0)
            custom float urdf:limit:effort = 10
        }

        def PhysicsRevoluteJoint "wheel_1_RIGHT_F_roller_0_joint" (
            prepend apiSchemas = ["NewtonJointAPI", "PhysicsDriveAPI:angular", "PhysicsJointStateAPI:angular"]
        )
        {
            uniform token drive:angular:physics:type = "force"
            float newton:damping = 0.0000017453292
            uniform token physics:axis = "X"
            custom rel physics:body0
            append rel physics:body0 = </traquad/Geometry/base_link/RF_UPPER_LEG/body_right_F/wheel_1_RIGHT_F>
            custom rel physics:body1
            append rel physics:body1 = </traquad/Geometry/base_link/RF_UPPER_LEG/body_right_F/wheel_1_RIGHT_F/wheel_1_RIGHT_F_roller_0>
            point3f physics:localPos0 = (0.007, 0, -0.0225)
            point3f physics:localPos1 = (0, 0, 0)
            quatf physics:localRot0 = (-0.70710677, 4.984916e-17, -5.551115e-17, -0.70710677)
            quatf physics:localRot1 = (1, 0, 0, 0)
        }

        def PhysicsRevoluteJoint "wheel_1_RIGHT_F_roller_1_joint" (
            prepend apiSchemas = ["NewtonJointAPI", "PhysicsDriveAPI:angular", "PhysicsJointStateAPI:angular"]
        )
        {
            uniform token drive:angular:physics:type = "force"
            float newton:damping = 0.0000017453292
            uniform token physics:axis = "X"
            custom rel physics:body0
            append rel physics:body0 = </traquad/Geometry/base_link/RF_UPPER_LEG/body_right_F/wheel_1_RIGHT_F>
            custom rel physics:body1
            append rel physics:body1 = </traquad/Geometry/base_link/RF_UPPER_LEG/body_right_F/wheel_1_RIGHT_F/wheel_1_RIGHT_F_roller_1>
            point3f physics:localPos0 = (0.0049497476, 0.0049497476, -0.0225)
            point3f physics:localPos1 = (0, 0, 0)
            quatf physics:localRot0 = (-0.38268343, 9.8088956e-17, -1.110223e-16, -0.92387956)
            quatf physics:localRot1 = (1, 0, 0, 0)
        }

        def PhysicsRevoluteJoint "wheel_1_RIGHT_F_roller_2_joint" (
            prepend apiSchemas = ["NewtonJointAPI", "PhysicsDriveAPI:angular", "PhysicsJointStateAPI:angular"]
        )
        {
            uniform token drive:angular:physics:type = "force"
            float newton:damping = 0.0000017453292
            uniform token physics:axis = "X"
            custom rel physics:body0
            append rel physics:body0 = </traquad/Geometry/base_link/RF_UPPER_LEG/body_right_F/wheel_1_RIGHT_F>
            custom rel physics:body1
            append rel physics:body1 = </traquad/Geometry/base_link/RF_UPPER_LEG/body_right_F/wheel_1_RIGHT_F/wheel_1_RIGHT_F_roller_2>
            point3f physics:localPos0 = (-5.551115e-17, 0.007, -0.0225)
            point3f physics:localPos1 = (0, 0, 0)
            quatf physics:localRot0 = (-9.464471e-17, 7.15764e-17, -1.110223e-16, -1)
            quatf physics:localRot1 = (1, 0, 0, 0)
        }

        def PhysicsRevoluteJoint "wheel_1_RIGHT_F_roller_3_joint" (
            prepend apiSchemas = ["NewtonJointAPI", "PhysicsDriveAPI:angular", "PhysicsJointStateAPI:angular"]
        )
        {
            uniform token drive:angular:physics:type = "force"
            float newton:damping = 0.0000017453292
            uniform token physics:axis = "X"
            custom rel physics:body0
            append rel physics:body0 = </traquad/Geometry/base_link/RF_UPPER_LEG/body_right_F/wheel_1_RIGHT_F>
            custom rel physics:body1
            append rel physics:body1 = </traquad/Geometry/base_link/RF_UPPER_LEG/body_right_F/wheel_1_RIGHT_F/wheel_1_RIGHT_F_roller_3>
            point3f physics:localPos0 = (-0.0049497476, 0.0049497476, -0.0225)
            point3f physics:localPos1 = (0, 0, 0)
            quatf physics:localRot0 = (0.38268343, -1.2934193e-17, -1.6653345e-16, -0.92387956)
            quatf physics:localRot1 = (1, 0, 0, 0)
        }

        def PhysicsRevoluteJoint "wheel_1_RIGHT_F_roller_4_joint" (
            prepend apiSchemas = ["NewtonJointAPI", "PhysicsDriveAPI:angular", "PhysicsJointStateAPI:angular"]
        )
        {
            uniform token drive:angular:physics:type = "force"
            float newton:damping = 0.0000017453292
            uniform token physics:axis = "X"
            custom rel physics:body0
            append rel physics:body0 = </traquad/Geometry/base_link/RF_UPPER_LEG/body_right_F/wheel_1_RIGHT_F>
            custom rel physics:body1
            append rel physics:body1 = </traquad/Geometry/base_link/RF_UPPER_LEG/body_right_F/wheel_1_RIGHT_F/wheel_1_RIGHT_F_roller_4>
            point3f physics:localPos0 = (-0.007, 0, -0.0225)
            point3f physics:localPos1 = (0, 0, 0)
            quatf physics:localRot0 = (0.70710677, -2.2770617e-16, -1.110223e-16, -0.70710677)
            quatf physics:localRot1 = (1, 0, 0, 0)
        }

        def PhysicsRevoluteJoint "wheel_1_RIGHT_F_roller_5_joint" (
            prepend apiSchemas = ["NewtonJointAPI", "PhysicsDriveAPI:angular", "PhysicsJointStateAPI:angular"]
        )
        {
            uniform token drive:angular:physics:type = "force"
            float newton:damping = 0.0000017453292
            uniform token physics:axis = "X"
            custom rel physics:body0
            append rel physics:body0 = </traquad/Geometry/base_link/RF_UPPER_LEG/body_right_F/wheel_1_RIGHT_F>
            custom rel physics:body1
            append rel physics:body1 = </traquad/Geometry/base_link/RF_UPPER_LEG/body_right_F/wheel_1_RIGHT_F/wheel_1_RIGHT_F_roller_5>
            point3f physics:localPos0 = (-0.0049497476, -0.0049497476, -0.0225)
            point3f physics:localPos1 = (0, 0, 0)
            quatf physics:localRot0 = (0.9238795, -1.3330456e-16, -8.326673e-17, -0.38268352)
            quatf physics:localRot1 = (1, 0, 0, 0)
        }

        def PhysicsRevoluteJoint "wheel_1_RIGHT_F_roller_6_joint" (
            prepend apiSchemas = ["NewtonJointAPI", "PhysicsDriveAPI:angular", "PhysicsJointStateAPI:angular"]
        )
        {
            uniform token drive:angular:physics:type = "force"
            float newton:damping = 0.0000017453292
            uniform token physics:axis = "X"
            custom rel physics:body0
            append rel physics:body0 = </traquad/Geometry/base_link/RF_UPPER_LEG/body_right_F/wheel_1_RIGHT_F>
            custom rel physics:body1
            append rel physics:body1 = </traquad/Geometry/base_link/RF_UPPER_LEG/body_right_F/wheel_1_RIGHT_F/wheel_1_RIGHT_F_roller_6>
            point3f physics:localPos0 = (0, -0.007, -0.0225)
            point3f physics:localPos1 = (0, 0, 0)
            quatf physics:localRot0 = (1, 0, 0, 0)
            quatf physics:localRot1 = (1, 0, 0, 0)
        }

        def PhysicsRevoluteJoint "wheel_1_RIGHT_F_roller_7_joint" (
            prepend apiSchemas = ["NewtonJointAPI", "PhysicsDriveAPI:angular", "PhysicsJointStateAPI:angular"]
        )
        {
            uniform token drive:angular:physics:type = "force"
            float newton:damping = 0.0000017453292
            uniform token physics:axis = "X"
            custom rel physics:body0
            append rel physics:body0 = </traquad/Geometry/base_link/RF_UPPER_LEG/body_right_F/wheel_1_RIGHT_F>
            custom rel physics:body1
            append rel physics:body1 = </traquad/Geometry/base_link/RF_UPPER_LEG/body_right_F/wheel_1_RIGHT_F/wheel_1_RIGHT_F_roller_7>
            point3f physics:localPos0 = (0.0049497476, -0.0049497476, -0.0225)
            point3f physics:localPos1 = (0, 0, 0)
            quatf physics:localRot0 = (0.9238795, -8.874004e-17, 8.326673e-17, 0.38268352)
            quatf physics:localRot1 = (1, 0, 0, 0)
        }

        def PhysicsRevoluteJoint "joint_wheel_2_RIGHT_F" (
            prepend apiSchemas = ["NewtonJointAPI", "PhysicsDriveAPI:angular", "PhysicsJointStateAPI:angular"]
        )
        {
            float drive:angular:physics:maxForce = 10
            uniform token drive:angular:physics:type = "force"
            float newton:velocityLimit = 5729578
            uniform token physics:axis = "Z"
            custom rel physics:body0
            append rel physics:body0 = </traquad/Geometry/base_link/RF_UPPER_LEG/body_right_F>
            custom rel physics:body1
            append rel physics:body1 = </traquad/Geometry/base_link/RF_UPPER_LEG/body_right_F/wheel_2_RIGHT_F>
            point3f physics:localPos0 = (0, 0.0583795, 1.1054394e-16)
            point3f physics:localPos1 = (0, 0, 0)
            quatf physics:localRot0 = (0.49999815, -0.5, 0.50000185, -0.5)
            quatf physics:localRot1 = (1, 0, 0, 0)
            custom float urdf:limit:effort = 10
        }

        def PhysicsRevoluteJoint "wheel_2_RIGHT_F_roller_0_joint" (
            prepend apiSchemas = ["NewtonJointAPI", "PhysicsDriveAPI:angular", "PhysicsJointStateAPI:angular"]
        )
        {
            uniform token drive:angular:physics:type = "force"
            float newton:damping = 0.0000017453292
            uniform token physics:axis = "X"
            custom rel physics:body0
            append rel physics:body0 = </traquad/Geometry/base_link/RF_UPPER_LEG/body_right_F/wheel_2_RIGHT_F>
            custom rel physics:body1
            append rel physics:body1 = </traquad/Geometry/base_link/RF_UPPER_LEG/body_right_F/wheel_2_RIGHT_F/wheel_2_RIGHT_F_roller_0>
            point3f physics:localPos0 = (0.007, 0, -0.0225)
            point3f physics:localPos1 = (0, 0, 0)
            quatf physics:localRot0 = (-0.70710677, 4.984916e-17, -5.551115e-17, -0.70710677)
            quatf physics:localRot1 = (1, 0, 0, 0)
        }

        def PhysicsRevoluteJoint "wheel_2_RIGHT_F_roller_1_joint" (
            prepend apiSchemas = ["NewtonJointAPI", "PhysicsDriveAPI:angular", "PhysicsJointStateAPI:angular"]
        )
        {
            uniform token drive:angular:physics:type = "force"
            float newton:damping = 0.0000017453292
            uniform token physics:axis = "X"
            custom rel physics:body0
            append rel physics:body0 = </traquad/Geometry/base_link/RF_UPPER_LEG/body_right_F/wheel_2_RIGHT_F>
            custom rel physics:body1
            append rel physics:body1 = </traquad/Geometry/base_link/RF_UPPER_LEG/body_right_F/wheel_2_RIGHT_F/wheel_2_RIGHT_F_roller_1>
            point3f physics:localPos0 = (0.0049497476, 0.0049497476, -0.0225)
            point3f physics:localPos1 = (0, 0, 0)
            quatf physics:localRot0 = (-0.38268343, 9.8088956e-17, -1.110223e-16, -0.92387956)
            quatf physics:localRot1 = (1, 0, 0, 0)
        }

        def PhysicsRevoluteJoint "wheel_2_RIGHT_F_roller_2_joint" (
            prepend apiSchemas = ["NewtonJointAPI", "PhysicsDriveAPI:angular", "PhysicsJointStateAPI:angular"]
        )
        {
            uniform token drive:angular:physics:type = "force"
            float newton:damping = 0.0000017453292
            uniform token physics:axis = "X"
            custom rel physics:body0
            append rel physics:body0 = </traquad/Geometry/base_link/RF_UPPER_LEG/body_right_F/wheel_2_RIGHT_F>
            custom rel physics:body1
            append rel physics:body1 = </traquad/Geometry/base_link/RF_UPPER_LEG/body_right_F/wheel_2_RIGHT_F/wheel_2_RIGHT_F_roller_2>
            point3f physics:localPos0 = (0, 0.007, -0.0225)
            point3f physics:localPos1 = (0, 0, 0)
            quatf physics:localRot0 = (-9.464471e-17, 7.15764e-17, -1.110223e-16, -1)
            quatf physics:localRot1 = (1, 0, 0, 0)
        }

        def PhysicsRevoluteJoint "wheel_2_RIGHT_F_roller_3_joint" (
            prepend apiSchemas = ["NewtonJointAPI", "PhysicsDriveAPI:angular", "PhysicsJointStateAPI:angular"]
        )
        {
            uniform token drive:angular:physics:type = "force"
            float newton:damping = 0.0000017453292
            uniform token physics:axis = "X"
            custom rel physics:body0
            append rel physics:body0 = </traquad/Geometry/base_link/RF_UPPER_LEG/body_right_F/wheel_2_RIGHT_F>
            custom rel physics:body1
            append rel physics:body1 = </traquad/Geometry/base_link/RF_UPPER_LEG/body_right_F/wheel_2_RIGHT_F/wheel_2_RIGHT_F_roller_3>
            point3f physics:localPos0 = (-0.0049497476, 0.0049497476, -0.0225)
            point3f physics:localPos1 = (0, 0, 0)
            quatf physics:localRot0 = (0.38268343, -1.2934193e-17, -1.6653345e-16, -0.92387956)
            quatf physics:localRot1 = (1, 0, 0, 0)
        }

        def PhysicsRevoluteJoint "wheel_2_RIGHT_F_roller_4_joint" (
            prepend apiSchemas = ["NewtonJointAPI", "PhysicsDriveAPI:angular", "PhysicsJointStateAPI:angular"]
        )
        {
            uniform token drive:angular:physics:type = "force"
            float newton:damping = 0.0000017453292
            uniform token physics:axis = "X"
            custom rel physics:body0
            append rel physics:body0 = </traquad/Geometry/base_link/RF_UPPER_LEG/body_right_F/wheel_2_RIGHT_F>
            custom rel physics:body1
            append rel physics:body1 = </traquad/Geometry/base_link/RF_UPPER_LEG/body_right_F/wheel_2_RIGHT_F/wheel_2_RIGHT_F_roller_4>
            point3f physics:localPos0 = (-0.007, 8.573032e-19, -0.0225)
            point3f physics:localPos1 = (0, 0, 0)
            quatf physics:localRot0 = (0.70710677, -2.2770617e-16, -1.110223e-16, -0.70710677)
            quatf physics:localRot1 = (1, 0, 0, 0)
        }

        def PhysicsRevoluteJoint "wheel_2_RIGHT_F_roller_5_joint" (
            prepend apiSchemas = ["NewtonJointAPI", "PhysicsDriveAPI:angular", "PhysicsJointStateAPI:angular"]
        )
        {
            uniform token drive:angular:physics:type = "force"
            float newton:damping = 0.0000017453292
            uniform token physics:axis = "X"
            custom rel physics:body0
            append rel physics:body0 = </traquad/Geometry/base_link/RF_UPPER_LEG/body_right_F/wheel_2_RIGHT_F>
            custom rel physics:body1
            append rel physics:body1 = </traquad/Geometry/base_link/RF_UPPER_LEG/body_right_F/wheel_2_RIGHT_F/wheel_2_RIGHT_F_roller_5>
            point3f physics:localPos0 = (-0.0049497476, -0.0049497476, -0.0225)
            point3f physics:localPos1 = (0, 0, 0)
            quatf physics:localRot0 = (0.9238795, -1.3330456e-16, -8.326673e-17, -0.38268352)
            quatf physics:localRot1 = (1, 0, 0, 0)
        }

        def PhysicsRevoluteJoint "wheel_2_RIGHT_F_roller_6_joint" (
            prepend apiSchemas = ["NewtonJointAPI", "PhysicsDriveAPI:angular", "PhysicsJointStateAPI:angular"]
        )
        {
            uniform token drive:angular:physics:type = "force"
            float newton:damping = 0.0000017453292
            uniform token physics:axis = "X"
            custom rel physics:body0
            append rel physics:body0 = </traquad/Geometry/base_link/RF_UPPER_LEG/body_right_F/wheel_2_RIGHT_F>
            custom rel physics:body1
            append rel physics:body1 = </traquad/Geometry/base_link/RF_UPPER_LEG/body_right_F/wheel_2_RIGHT_F/wheel_2_RIGHT_F_roller_6>
            point3f physics:localPos0 = (0, -0.007, -0.0225)
            point3f physics:localPos1 = (0, 0, 0)
            quatf physics:localRot0 = (1, 0, 0, 0)
            quatf physics:localRot1 = (1, 0, 0, 0)
        }

        def PhysicsRevoluteJoint "wheel_2_RIGHT_F_roller_7_joint" (
            prepend apiSchemas = ["NewtonJointAPI", "PhysicsDriveAPI:angular", "PhysicsJointStateAPI:angular"]
        )
        {
            uniform token drive:angular:physics:type = "force"
            float newton:damping = 0.0000017453292
            uniform token physics:axis = "X"
            custom rel physics:body0
            append rel physics:body0 = </traquad/Geometry/base_link/RF_UPPER_LEG/body_right_F/wheel_2_RIGHT_F>
            custom rel physics:body1
            append rel physics:body1 = </traquad/Geometry/base_link/RF_UPPER_LEG/body_right_F/wheel_2_RIGHT_F/wheel_2_RIGHT_F_roller_7>
            point3f physics:localPos0 = (0.0049497476, -0.0049497476, -0.0225)
            point3f physics:localPos1 = (0, 0, 0)
            quatf physics:localRot0 = (0.9238795, -8.874004e-17, 8.326673e-17, 0.38268352)
            quatf physics:localRot1 = (1, 0, 0, 0)
        }

        def PhysicsRevoluteJoint "joint_wheel_3_RIGHT_F" (
            prepend apiSchemas = ["NewtonJointAPI", "PhysicsDriveAPI:angular", "PhysicsJointStateAPI:angular"]
        )
        {
            float drive:angular:physics:maxForce = 10
            uniform token drive:angular:physics:type = "force"
            float newton:velocityLimit = 5729578
            uniform token physics:axis = "Z"
            custom rel physics:body0
            append rel physics:body0 = </traquad/Geometry/base_link/RF_UPPER_LEG/body_right_F>
            custom rel physics:body1
            append rel physics:body1 = </traquad/Geometry/base_link/RF_UPPER_LEG/body_right_F/wheel_3_RIGHT_F>
            point3f physics:localPos0 = (0, 0.0583795, -0.0510312)
            point3f physics:localPos1 = (0, 0, 0)
            quatf physics:localRot0 = (0.49999815, -0.5, 0.50000185, -0.5)
            quatf physics:localRot1 = (1, 0, 0, 0)
            custom float urdf:limit:effort = 10
        }

        def PhysicsRevoluteJoint "wheel_3_RIGHT_F_roller_0_joint" (
            prepend apiSchemas = ["NewtonJointAPI", "PhysicsDriveAPI:angular", "PhysicsJointStateAPI:angular"]
        )
        {
            uniform token drive:angular:physics:type = "force"
            float newton:damping = 0.0000017453292
            uniform token physics:axis = "X"
            custom rel physics:body0
            append rel physics:body0 = </traquad/Geometry/base_link/RF_UPPER_LEG/body_right_F/wheel_3_RIGHT_F>
            custom rel physics:body1
            append rel physics:body1 = </traquad/Geometry/base_link/RF_UPPER_LEG/body_right_F/wheel_3_RIGHT_F/wheel_3_RIGHT_F_roller_0>
            point3f physics:localPos0 = (0.007, 0, -0.0225)
            point3f physics:localPos1 = (0, 0, 0)
            quatf physics:localRot0 = (-0.70710677, 4.984916e-17, -5.551115e-17, -0.70710677)
            quatf physics:localRot1 = (1, 0, 0, 0)
        }

        def PhysicsRevoluteJoint "wheel_3_RIGHT_F_roller_1_joint" (
            prepend apiSchemas = ["NewtonJointAPI", "PhysicsDriveAPI:angular", "PhysicsJointStateAPI:angular"]
        )
        {
            uniform token drive:angular:physics:type = "force"
            float newton:damping = 0.0000017453292
            uniform token physics:axis = "X"
            custom rel physics:body0
            append rel physics:body0 = </traquad/Geometry/base_link/RF_UPPER_LEG/body_right_F/wheel_3_RIGHT_F>
            custom rel physics:body1
            append rel physics:body1 = </traquad/Geometry/base_link/RF_UPPER_LEG/body_right_F/wheel_3_RIGHT_F/wheel_3_RIGHT_F_roller_1>
            point3f physics:localPos0 = (0.0049497476, 0.0049497476, -0.0225)
            point3f physics:localPos1 = (0, 0, 0)
            quatf physics:localRot0 = (-0.38268343, 9.8088956e-17, -1.110223e-16, -0.92387956)
            quatf physics:localRot1 = (1, 0, 0, 0)
        }

        def PhysicsRevoluteJoint "wheel_3_RIGHT_F_roller_2_joint" (
            prepend apiSchemas = ["NewtonJointAPI", "PhysicsDriveAPI:angular", "PhysicsJointStateAPI:angular"]
        )
        {
            uniform token drive:angular:physics:type = "force"
            float newton:damping = 0.0000017453292
            uniform token physics:axis = "X"
            custom rel physics:body0
            append rel physics:body0 = </traquad/Geometry/base_link/RF_UPPER_LEG/body_right_F/wheel_3_RIGHT_F>
            custom rel physics:body1
            append rel physics:body1 = </traquad/Geometry/base_link/RF_UPPER_LEG/body_right_F/wheel_3_RIGHT_F/wheel_3_RIGHT_F_roller_2>
            point3f physics:localPos0 = (-5.551115e-17, 0.007, -0.0225)
            point3f physics:localPos1 = (0, 0, 0)
            quatf physics:localRot0 = (-9.464471e-17, 7.15764e-17, -1.110223e-16, -1)
            quatf physics:localRot1 = (1, 0, 0, 0)
        }

        def PhysicsRevoluteJoint "wheel_3_RIGHT_F_roller_3_joint" (
            prepend apiSchemas = ["NewtonJointAPI", "PhysicsDriveAPI:angular", "PhysicsJointStateAPI:angular"]
        )
        {
            uniform token drive:angular:physics:type = "force"
            float newton:damping = 0.0000017453292
            uniform token physics:axis = "X"
            custom rel physics:body0
            append rel physics:body0 = </traquad/Geometry/base_link/RF_UPPER_LEG/body_right_F/wheel_3_RIGHT_F>
            custom rel physics:body1
            append rel physics:body1 = </traquad/Geometry/base_link/RF_UPPER_LEG/body_right_F/wheel_3_RIGHT_F/wheel_3_RIGHT_F_roller_3>
            point3f physics:localPos0 = (-0.0049497476, 0.0049497476, -0.0225)
            point3f physics:localPos1 = (0, 0, 0)
            quatf physics:localRot0 = (0.38268343, -1.2934193e-17, -1.6653345e-16, -0.92387956)
            quatf physics:localRot1 = (1, 0, 0, 0)
        }

        def PhysicsRevoluteJoint "wheel_3_RIGHT_F_roller_4_joint" (
            prepend apiSchemas = ["NewtonJointAPI", "PhysicsDriveAPI:angular", "PhysicsJointStateAPI:angular"]
        )
        {
            uniform token drive:angular:physics:type = "force"
            float newton:damping = 0.0000017453292
            uniform token physics:axis = "X"
            custom rel physics:body0
            append rel physics:body0 = </traquad/Geometry/base_link/RF_UPPER_LEG/body_right_F/wheel_3_RIGHT_F>
            custom rel physics:body1
            append rel physics:body1 = </traquad/Geometry/base_link/RF_UPPER_LEG/body_right_F/wheel_3_RIGHT_F/wheel_3_RIGHT_F_roller_4>
            point3f physics:localPos0 = (-0.007, 0, -0.0225)
            point3f physics:localPos1 = (0, 0, 0)
            quatf physics:localRot0 = (0.70710677, -2.2770617e-16, -1.110223e-16, -0.70710677)
            quatf physics:localRot1 = (1, 0, 0, 0)
        }

        def PhysicsRevoluteJoint "wheel_3_RIGHT_F_roller_5_joint" (
            prepend apiSchemas = ["NewtonJointAPI", "PhysicsDriveAPI:angular", "PhysicsJointStateAPI:angular"]
        )
        {
            uniform token drive:angular:physics:type = "force"
            float newton:damping = 0.0000017453292
            uniform token physics:axis = "X"
            custom rel physics:body0
            append rel physics:body0 = </traquad/Geometry/base_link/RF_UPPER_LEG/body_right_F/wheel_3_RIGHT_F>
            custom rel physics:body1
            append rel physics:body1 = </traquad/Geometry/base_link/RF_UPPER_LEG/body_right_F/wheel_3_RIGHT_F/wheel_3_RIGHT_F_roller_5>
            point3f physics:localPos0 = (-0.0049497476, -0.0049497476, -0.0225)
            point3f physics:localPos1 = (0, 0, 0)
            quatf physics:localRot0 = (0.9238795, -1.3330456e-16, -8.326673e-17, -0.38268352)
            quatf physics:localRot1 = (1, 0, 0, 0)
        }

        def PhysicsRevoluteJoint "wheel_3_RIGHT_F_roller_6_joint" (
            prepend apiSchemas = ["NewtonJointAPI", "PhysicsDriveAPI:angular", "PhysicsJointStateAPI:angular"]
        )
        {
            uniform token drive:angular:physics:type = "force"
            float newton:damping = 0.0000017453292
            uniform token physics:axis = "X"
            custom rel physics:body0
            append rel physics:body0 = </traquad/Geometry/base_link/RF_UPPER_LEG/body_right_F/wheel_3_RIGHT_F>
            custom rel physics:body1
            append rel physics:body1 = </traquad/Geometry/base_link/RF_UPPER_LEG/body_right_F/wheel_3_RIGHT_F/wheel_3_RIGHT_F_roller_6>
            point3f physics:localPos0 = (-5.551115e-17, -0.007, -0.0225)
            point3f physics:localPos1 = (0, 0, 0)
            quatf physics:localRot0 = (1, 0, 0, 0)
            quatf physics:localRot1 = (1, 0, 0, 0)
        }

        def PhysicsRevoluteJoint "wheel_3_RIGHT_F_roller_7_joint" (
            prepend apiSchemas = ["NewtonJointAPI", "PhysicsDriveAPI:angular", "PhysicsJointStateAPI:angular"]
        )
        {
            uniform token drive:angular:physics:type = "force"
            float newton:damping = 0.0000017453292
            uniform token physics:axis = "X"
            custom rel physics:body0
            append rel physics:body0 = </traquad/Geometry/base_link/RF_UPPER_LEG/body_right_F/wheel_3_RIGHT_F>
            custom rel physics:body1
            append rel physics:body1 = </traquad/Geometry/base_link/RF_UPPER_LEG/body_right_F/wheel_3_RIGHT_F/wheel_3_RIGHT_F_roller_7>
            point3f physics:localPos0 = (0.0049497476, -0.0049497476, -0.0225)
            point3f physics:localPos1 = (0, 0, 0)
            quatf physics:localRot0 = (0.9238795, -8.874004e-17, 8.326673e-17, 0.38268352)
            quatf physics:localRot1 = (1, 0, 0, 0)
        }

        def PhysicsRevoluteJoint "joint_wheel_4_RIGHT_F" (
            prepend apiSchemas = ["NewtonJointAPI", "PhysicsDriveAPI:angular", "PhysicsJointStateAPI:angular"]
        )
        {
            float drive:angular:physics:maxForce = 10
            uniform token drive:angular:physics:type = "force"
            float newton:velocityLimit = 5729578
            uniform token physics:axis = "Z"
            custom rel physics:body0
            append rel physics:body0 = </traquad/Geometry/base_link/RF_UPPER_LEG/body_right_F>
            custom rel physics:body1
            append rel physics:body1 = </traquad/Geometry/base_link/RF_UPPER_LEG/body_right_F/wheel_4_RIGHT_F>
            point3f physics:localPos0 = (-2.7755576e-17, 0.0417374, -0.0766777)
            point3f physics:localPos1 = (0, 0, 0)
            quatf physics:localRot0 = (0.49999815, -0.5, 0.50000185, -0.5)
            quatf physics:localRot1 = (1, 0, 0, 0)
            custom float urdf:limit:effort = 10
        }

        def PhysicsRevoluteJoint "body_right_H_ankle" (
            prepend apiSchemas = ["NewtonJointAPI", "PhysicsDriveAPI:angular", "PhysicsJointStateAPI:angular"]
        )
        {
            float drive:angular:physics:maxForce = 10
            uniform token drive:angular:physics:type = "force"
            float newton:damping = 0.00017453292
            float newton:velocityLimit = 572.9578
            uniform token physics:axis = "X"
            custom rel physics:body0
            append rel physics:body0 = </traquad/Geometry/base_link/RH_UPPER_LEG>
            custom rel physics:body1
            append rel physics:body1 = </traquad/Geometry/base_link/RH_UPPER_LEG/body_right_H>
            point3f physics:localPos0 = (-0.19, -0.05, 0)
            point3f physics:localPos1 = (0, 0, 0)
            quatf physics:localRot0 = (0.70710546, 0, 0, 0.7071081)
            quatf physics:localRot1 = (1, 0, 0, 0)
            float physics:lowerLimit = -35.775486
            float physics:upperLimit = 24.224655
            custom float urdf:limit:effort = 10
        }

        def PhysicsRevoluteJoint "joint_wheel_1_RIGHT_H" (
            prepend apiSchemas = ["NewtonJointAPI", "PhysicsDriveAPI:angular", "PhysicsJointStateAPI:angular"]
        )
        {
            float drive:angular:physics:maxForce = 10
            uniform token drive:angular:physics:type = "force"
            float newton:velocityLimit = 5729578
            uniform token physics:axis = "Z"
            custom rel physics:body0
            append rel physics:body0 = </traquad/Geometry/base_link/RH_UPPER_LEG/body_right_H>
            custom rel physics:body1
            append rel physics:body1 = </traquad/Geometry/base_link/RH_UPPER_LEG/body_right_H/wheel_1_RIGHT_H>
            point3f physics:localPos0 = (0, 0.0583795, 0.0484062)
            point3f physics:localPos1 = (0, 0, 0)
            quatf physics:localRot0 = (-0.49999815, 0.5, -0.50000185, 0.5)
            quatf physics:localRot1 = (1, 0, 0, 0)
            custom float urdf:limit:effort = 10
        }

        def PhysicsRevoluteJoint "wheel_1_RIGHT_H_roller_0_joint" (
            prepend apiSchemas = ["NewtonJointAPI", "PhysicsDriveAPI:angular", "PhysicsJointStateAPI:angular"]
        )
        {
            uniform token drive:angular:physics:type = "force"
            float newton:damping = 0.0000017453292
            uniform token physics:axis = "X"
            custom rel physics:body0
            append rel physics:body0 = </traquad/Geometry/base_link/RH_UPPER_LEG/body_right_H/wheel_1_RIGHT_H>
            custom rel physics:body1
            append rel physics:body1 = </traquad/Geometry/base_link/RH_UPPER_LEG/body_right_H/wheel_1_RIGHT_H/wheel_1_RIGHT_H_roller_0>
            point3f physics:localPos0 = (0.007, 0, -0.0225)
            point3f physics:localPos1 = (0, 0, 0)
            quatf physics:localRot0 = (0.70710677, 1.1179085e-16, 5.551115e-17, 0.70710677)
            quatf physics:localRot1 = (1, 0, 0, 0)
        }

        def PhysicsRevoluteJoint "wheel_1_RIGHT_H_roller_1_joint" (
            prepend apiSchemas = ["NewtonJointAPI", "PhysicsDriveAPI:angular", "PhysicsJointStateAPI:angular"]
        )
        {
            uniform token drive:angular:physics:type = "force"
            float newton:damping = 0.0000017453292
            uniform token physics:axis = "X"
            custom rel physics:body0
            append rel physics:body0 = </traquad/Geometry/base_link/RH_UPPER_LEG/body_right_H/wheel_1_RIGHT_H>
            custom rel physics:body1
            append rel physics:body1 = </traquad/Geometry/base_link/RH_UPPER_LEG/body_right_H/wheel_1_RIGHT_H/wheel_1_RIGHT_H_roller_1>
            point3f physics:localPos0 = (0.0049497476, 0.0049497476, -0.0225)
            point3f physics:localPos1 = (0, 0, 0)
            quatf physics:localRot0 = (-0.38268343, -3.635523e-17, -1.110223e-16, -0.92387956)
            quatf physics:localRot1 = (1, 0, 0, 0)
        }

        def PhysicsRevoluteJoint "wheel_1_RIGHT_H_roller_2_joint" (
            prepend apiSchemas = ["NewtonJointAPI", "PhysicsDriveAPI:angular", "PhysicsJointStateAPI:angular"]
        )
        {
            uniform token drive:angular:physics:type = "force"
            float newton:damping = 0.0000017453292
            uniform token physics:axis = "X"
            custom rel physics:body0
            append rel physics:body0 = </traquad/Geometry/base_link/RH_UPPER_LEG/body_right_H/wheel_1_RIGHT_H>
            custom rel physics:body1
            append rel physics:body1 = </traquad/Geometry/base_link/RH_UPPER_LEG/body_right_H/wheel_1_RIGHT_H/wheel_1_RIGHT_H_roller_2>
            point3f physics:localPos0 = (-5.551115e-17, 0.007, -0.0225)
            point3f physics:localPos1 = (0, 0, 0)
            quatf physics:localRot0 = (-1.8060196e-16, -7.426721e-17, -1.110223e-16, -1)
            quatf physics:localRot1 = (1, 0, 0, 0)
        }

        def PhysicsRevoluteJoint "wheel_1_RIGHT_H_roller_3_joint" (
            prepend apiSchemas = ["NewtonJointAPI", "PhysicsDriveAPI:angular", "PhysicsJointStateAPI:angular"]
        )
        {
            uniform token drive:angular:physics:type = "force"
            float newton:damping = 0.0000017453292
            uniform token physics:axis = "X"
            custom rel physics:body0
            append rel physics:body0 = </traquad/Geometry/base_link/RH_UPPER_LEG/body_right_H/wheel_1_RIGHT_H>
            custom rel physics:body1
            append rel physics:body1 = </traquad/Geometry/base_link/RH_UPPER_LEG/body_right_H/wheel_1_RIGHT_H/wheel_1_RIGHT_H_roller_3>
            point3f physics:localPos0 = (-0.0049497476, 0.0049497476, -0.0225)
            point3f physics:localPos1 = (0, 0, 0)
            quatf physics:localRot0 = (0.38268343, -3.635523e-17, 5.551115e-17, -0.92387956)
            quatf physics:localRot1 = (1, 0, 0, 0)
        }

        def PhysicsRevoluteJoint "wheel_1_RIGHT_H_roller_4_joint" (
            prepend apiSchemas = ["NewtonJointAPI", "PhysicsDriveAPI:angular", "PhysicsJointStateAPI:angular"]
        )
        {
            uniform token drive:angular:physics:type = "force"
            float newton:damping = 0.0000017453292
            uniform token physics:axis = "X"
            custom rel physics:body0
            append rel physics:body0 = </traquad/Geometry/base_link/RH_UPPER_LEG/body_right_H/wheel_1_RIGHT_H>
            custom rel physics:body1
            append rel physics:body1 = </traquad/Geometry/base_link/RH_UPPER_LEG/body_right_H/wheel_1_RIGHT_H/wheel_1_RIGHT_H_roller_4>
            point3f physics:localPos0 = (-0.007, 6.938894e-18, -0.0225)
            point3f physics:localPos1 = (0, 0, 0)
            quatf physics:localRot0 = (0.70710677, 5.47426e-17, -5.551115e-17, -0.70710677)
            quatf physics:localRot1 = (1, 0, 0, 0)
        }

        def PhysicsRevoluteJoint "wheel_1_RIGHT_H_roller_5_joint" (
            prepend apiSchemas = ["NewtonJointAPI", "PhysicsDriveAPI:angular", "PhysicsJointStateAPI:angular"]
        )
        {
            uniform token drive:angular:physics:type = "force"
            float newton:damping = 0.0000017453292
            uniform token physics:axis = "X"
            custom rel physics:body0
            append rel physics:body0 = </traquad/Geometry/base_link/RH_UPPER_LEG/body_right_H/wheel_1_RIGHT_H>
            custom rel physics:body1
            append rel physics:body1 = </traquad/Geometry/base_link/RH_UPPER_LEG/body_right_H/wheel_1_RIGHT_H/wheel_1_RIGHT_H_roller_5>
            point3f physics:localPos0 = (-0.0049497476, -0.0049497476, -0.0225)
            point3f physics:localPos1 = (0, 0, 0)
            quatf physics:localRot0 = (0.9238795, 1.7955641e-16, 5.551115e-17, -0.38268352)
            quatf physics:localRot1 = (1, 0, 0, 0)
        }

        def PhysicsRevoluteJoint "wheel_1_RIGHT_H_roller_6_joint" (
            prepend apiSchemas = ["NewtonJointAPI", "PhysicsDriveAPI:angular", "PhysicsJointStateAPI:angular"]
        )
        {
            uniform token drive:angular:physics:type = "force"
            float newton:damping = 0.0000017453292
            uniform token physics:axis = "X"
            custom rel physics:body0
            append rel physics:body0 = </traquad/Geometry/base_link/RH_UPPER_LEG/body_right_H/wheel_1_RIGHT_H>
            custom rel physics:body1
            append rel physics:body1 = </traquad/Geometry/base_link/RH_UPPER_LEG/body_right_H/wheel_1_RIGHT_H/wheel_1_RIGHT_H_roller_6>
            point3f physics:localPos0 = (0, -0.007, -0.0225)
            point3f physics:localPos1 = (0, 0, 0)
            quatf physics:localRot0 = (1, 0, 0, 0)
            quatf physics:localRot1 = (1, 0, 0, 0)
        }

        def PhysicsRevoluteJoint "wheel_1_RIGHT_H_roller_7_joint" (
            prepend apiSchemas = ["NewtonJointAPI", "PhysicsDriveAPI:angular", "PhysicsJointStateAPI:angular"]
        )
        {
            uniform token drive:angular:physics:type = "force"
            float newton:damping = 0.0000017453292
            uniform token physics:axis = "X"
            custom rel physics:body0
            append rel physics:body0 = </traquad/Geometry/base_link/RH_UPPER_LEG/body_right_H/wheel_1_RIGHT_H>
            custom rel physics:body1
            append rel physics:body1 = </traquad/Geometry/base_link/RH_UPPER_LEG/body_right_H/wheel_1_RIGHT_H/wheel_1_RIGHT_H_roller_7>
            point3f physics:localPos0 = (0.0049497476, -0.0049497476, -0.0225)
            point3f physics:localPos1 = (0, 0, 0)
            quatf physics:localRot0 = (0.9238795, 1.535105e-16, 5.551115e-17, 0.38268352)
            quatf physics:localRot1 = (1, 0, 0, 0)
        }

        def PhysicsRevoluteJoint "joint_wheel_2_RIGHT_H" (
            prepend apiSchemas = ["NewtonJointAPI", "PhysicsDriveAPI:angular", "PhysicsJointStateAPI:angular"]
        )
        {
            float drive:angular:physics:maxForce = 10
            uniform token drive:angular:physics:type = "force"
            float newton:velocityLimit = 5729578
            uniform token physics:axis = "Z"
            custom rel physics:body0
            append rel physics:body0 = </traquad/Geometry/base_link/RH_UPPER_LEG/body_right_H>
            custom rel physics:body1
            append rel physics:body1 = </traquad/Geometry/base_link/RH_UPPER_LEG/body_right_H/wheel_2_RIGHT_H>
            point3f physics:localPos0 = (0, 0.0583795, 1.10544e-16)
            point3f physics:localPos1 = (0, 0, 0)
            quatf physics:localRot0 = (-0.49999815, 0.5, -0.50000185, 0.5)
            quatf physics:localRot1 = (1, 0, 0, 0)
            custom float urdf:limit:effort = 10
        }

        def PhysicsRevoluteJoint "wheel_2_RIGHT_H_roller_0_joint" (
            prepend apiSchemas = ["NewtonJointAPI", "PhysicsDriveAPI:angular", "PhysicsJointStateAPI:angular"]
        )
        {
            uniform token drive:angular:physics:type = "force"
            float newton:damping = 0.0000017453292
            uniform token physics:axis = "X"
            custom rel physics:body0
            append rel physics:body0 = </traquad/Geometry/base_link/RH_UPPER_LEG/body_right_H/wheel_2_RIGHT_H>
            custom rel physics:body1
            append rel physics:body1 = </traquad/Geometry/base_link/RH_UPPER_LEG/body_right_H/wheel_2_RIGHT_H/wheel_2_RIGHT_H_roller_0>
            point3f physics:localPos0 = (0.007, -2.1175824e-22, -0.0225)
            point3f physics:localPos1 = (0, 0, 0)
            quatf physics:localRot0 = (0.70710677, 1.1179085e-16, 5.551115e-17, 0.70710677)
            quatf physics:localRot1 = (1, 0, 0, 0)
        }

        def PhysicsRevoluteJoint "wheel_2_RIGHT_H_roller_1_joint" (
            prepend apiSchemas = ["NewtonJointAPI", "PhysicsDriveAPI:angular", "PhysicsJointStateAPI:angular"]
        )
        {
            uniform token drive:angular:physics:type = "force"
            float newton:damping = 0.0000017453292
            uniform token physics:axis = "X"
            custom rel physics:body0
            append rel physics:body0 = </traquad/Geometry/base_link/RH_UPPER_LEG/body_right_H/wheel_2_RIGHT_H>
            custom rel physics:body1
            append rel physics:body1 = </traquad/Geometry/base_link/RH_UPPER_LEG/body_right_H/wheel_2_RIGHT_H/wheel_2_RIGHT_H_roller_1>
            point3f physics:localPos0 = (0.0049497476, 0.0049497476, -0.0225)
            point3f physics:localPos1 = (0, 0, 0)
            quatf physics:localRot0 = (-0.38268343, -3.635523e-17, -1.110223e-16, -0.92387956)
            quatf physics:localRot1 = (1, 0, 0, 0)
        }

        def PhysicsRevoluteJoint "wheel_2_RIGHT_H_roller_2_joint" (
            prepend apiSchemas = ["NewtonJointAPI", "PhysicsDriveAPI:angular", "PhysicsJointStateAPI:angular"]
        )
        {
            uniform token drive:angular:physics:type = "force"
            float newton:damping = 0.0000017453292
            uniform token physics:axis = "X"
            custom rel physics:body0
            append rel physics:body0 = </traquad/Geometry/base_link/RH_UPPER_LEG/body_right_H/wheel_2_RIGHT_H>
            custom rel physics:body1
            append rel physics:body1 = </traquad/Geometry/base_link/RH_UPPER_LEG/body_right_H/wheel_2_RIGHT_H/wheel_2_RIGHT_H_roller_2>
            point3f physics:localPos0 = (-5.551115e-17, 0.007, -0.0225)
            point3f physics:localPos1 = (0, 0, 0)
            quatf physics:localRot0 = (-1.8060196e-16, -7.426721e-17, -1.110223e-16, -1)
            quatf physics:localRot1 = (1, 0, 0, 0)
        }

        def PhysicsRevoluteJoint "wheel_2_RIGHT_H_roller_3_joint" (
            prepend apiSchemas = ["NewtonJointAPI", "PhysicsDriveAPI:angular", "PhysicsJointStateAPI:angular"]
        )
        {
            uniform token drive:angular:physics:type = "force"
            float newton:damping = 0.0000017453292
            uniform token physics:axis = "X"
            custom rel physics:body0
            append rel physics:body0 = </traquad/Geometry/base_link/RH_UPPER_LEG/body_right_H/wheel_2_RIGHT_H>
            custom rel physics:body1
            append rel physics:body1 = </traquad/Geometry/base_link/RH_UPPER_LEG/body_right_H/wheel_2_RIGHT_H/wheel_2_RIGHT_H_roller_3>
            point3f physics:localPos0 = (-0.0049497476, 0.0049497476, -0.0225)
            point3f physics:localPos1 = (0, 0, 0)
            quatf physics:localRot0 = (0.38268343, -3.635523e-17, 5.551115e-17, -0.92387956)
            quatf physics:localRot1 = (1, 0, 0, 0)
        }

        def PhysicsRevoluteJoint "wheel_2_RIGHT_H_roller_4_joint" (
            prepend apiSchemas = ["NewtonJointAPI", "PhysicsDriveAPI:angular", "PhysicsJointStateAPI:angular"]
        )
        {
            uniform token drive:angular:physics:type = "force"
            float newton:damping = 0.0000017453292
            uniform token physics:axis = "X"
            custom rel physics:body0
            append rel physics:body0 = </traquad/Geometry/base_link/RH_UPPER_LEG/body_right_H/wheel_2_RIGHT_H>
            custom rel physics:body1
            append rel physics:body1 = </traquad/Geometry/base_link/RH_UPPER_LEG/body_right_H/wheel_2_RIGHT_H/wheel_2_RIGHT_H_roller_4>
            point3f physics:localPos0 = (-0.007, 8.5709146e-19, -0.0225)
            point3f physics:localPos1 = (0, 0, 0)
            quatf physics:localRot0 = (0.70710677, 5.47426e-17, -5.551115e-17, -0.70710677)
            quatf physics:localRot1 = (1, 0, 0, 0)
        }

        def PhysicsRevoluteJoint "wheel_2_RIGHT_H_roller_5_joint" (
            prepend apiSchemas = ["NewtonJointAPI", "PhysicsDriveAPI:angular", "PhysicsJointStateAPI:angular"]
        )
        {
            uniform token drive:angular:physics:type = "force"
            float newton:damping = 0.0000017453292
            uniform token physics:axis = "X"
            custom rel physics:body0
            append rel physics:body0 = </traquad/Geometry/base_link/RH_UPPER_LEG/body_right_H/wheel_2_RIGHT_H>
            custom rel physics:body1
            append rel physics:body1 = </traquad/Geometry/base_link/RH_UPPER_LEG/body_right_H/wheel_2_RIGHT_H/wheel_2_RIGHT_H_roller_5>
            point3f physics:localPos0 = (-0.0049497476, -0.0049497476, -0.0225)
            point3f physics:localPos1 = (0, 0, 0)
            quatf physics:localRot0 = (0.9238795, 1.7955641e-16, 5.551115e-17, -0.38268352)
            quatf physics:localRot1 = (1, 0, 0, 0)
        }

        def PhysicsRevoluteJoint "wheel_2_RIGHT_H_roller_6_joint" (
            prepend apiSchemas = ["NewtonJointAPI", "PhysicsDriveAPI:angular", "PhysicsJointStateAPI:angular"]
        )
        {
            uniform token drive:angular:physics:type = "force"
            float newton:damping = 0.0000017453292
            uniform token physics:axis = "X"
            custom rel physics:body0
            append rel physics:body0 = </traquad/Geometry/base_link/RH_UPPER_LEG/body_right_H/wheel_2_RIGHT_H>
            custom rel physics:body1
            append rel physics:body1 = </traquad/Geometry/base_link/RH_UPPER_LEG/body_right_H/wheel_2_RIGHT_H/wheel_2_RIGHT_H_roller_6>
            point3f physics:localPos0 = (0, -0.007, -0.0225)
            point3f physics:localPos1 = (0, 0, 0)
            quatf physics:localRot0 = (1, 0, 0, 0)
            quatf physics:localRot1 = (1, 0, 0, 0)
        }

        def PhysicsRevoluteJoint "wheel_2_RIGHT_H_roller_7_joint" (
            prepend apiSchemas = ["NewtonJointAPI", "PhysicsDriveAPI:angular", "PhysicsJointStateAPI:angular"]
        )
        {
            uniform token drive:angular:physics:type = "force"
            float newton:damping = 0.0000017453292
            uniform token physics:axis = "X"
            custom rel physics:body0
            append rel physics:body0 = </traquad/Geometry/base_link/RH_UPPER_LEG/body_right_H/wheel_2_RIGHT_H>
            custom rel physics:body1
            append rel physics:body1 = </traquad/Geometry/base_link/RH_UPPER_LEG/body_right_H/wheel_2_RIGHT_H/wheel_2_RIGHT_H_roller_7>
            point3f physics:localPos0 = (0.0049497476, -0.0049497476, -0.0225)
            point3f physics:localPos1 = (0, 0, 0)
            quatf physics:localRot0 = (0.9238795, 1.535105e-16, 5.551115e-17, 0.38268352)
            quatf physics:localRot1 = (1, 0, 0, 0)
        }

        def PhysicsRevoluteJoint "joint_wheel_3_RIGHT_H" (
            prepend apiSchemas = ["NewtonJointAPI", "PhysicsDriveAPI:angular", "PhysicsJointStateAPI:angular"]
        )
        {
            float drive:angular:physics:maxForce = 10
            uniform token drive:angular:physics:type = "force"
            float newton:velocityLimit = 5729578
            uniform token physics:axis = "Z"
            custom rel physics:body0
            append rel physics:body0 = </traquad/Geometry/base_link/RH_UPPER_LEG/body_right_H>
            custom rel physics:body1
            append rel physics:body1 = </traquad/Geometry/base_link/RH_UPPER_LEG/body_right_H/wheel_3_RIGHT_H>
            point3f physics:localPos0 = (-2.7755576e-17, 0.0583795, -0.0510312)
            point3f physics:localPos1 = (0, 0, 0)
            quatf physics:localRot0 = (-0.49999815, 0.5, -0.50000185, 0.5)
            quatf physics:localRot1 = (1, 0, 0, 0)
            custom float urdf:limit:effort = 10
        }

        def PhysicsRevoluteJoint "wheel_3_RIGHT_H_roller_0_joint" (
            prepend apiSchemas = ["NewtonJointAPI", "PhysicsDriveAPI:angular", "PhysicsJointStateAPI:angular"]
        )
        {
            uniform token drive:angular:physics:type = "force"
            float newton:damping = 0.0000017453292
            uniform token physics:axis = "X"
            custom rel physics:body0
            append rel physics:body0 = </traquad/Geometry/base_link/RH_UPPER_LEG/body_right_H/wheel_3_RIGHT_H>
            custom rel physics:body1
            append rel physics:body1 = </traquad/Geometry/base_link/RH_UPPER_LEG/body_right_H/wheel_3_RIGHT_H/wheel_3_RIGHT_H_roller_0>
            point3f physics:localPos0 = (0.007, 0, -0.0225)
            point3f physics:localPos1 = (0, 0, 0)
            quatf physics:localRot0 = (0.70710677, 1.1179085e-16, 5.551115e-17, 0.70710677)
            quatf physics:localRot1 = (1, 0, 0, 0)
        }

        def PhysicsRevoluteJoint "wheel_3_RIGHT_H_roller_1_joint" (
            prepend apiSchemas = ["NewtonJointAPI", "PhysicsDriveAPI:angular", "PhysicsJointStateAPI:angular"]
        )
        {
            uniform token drive:angular:physics:type = "force"
            float newton:damping = 0.0000017453292
            uniform token physics:axis = "X"
            custom rel physics:body0
            append rel physics:body0 = </traquad/Geometry/base_link/RH_UPPER_LEG/body_right_H/wheel_3_RIGHT_H>
            custom rel physics:body1
            append rel physics:body1 = </traquad/Geometry/base_link/RH_UPPER_LEG/body_right_H/wheel_3_RIGHT_H/wheel_3_RIGHT_H_roller_1>
            point3f physics:localPos0 = (0.0049497476, 0.0049497476, -0.0225)
            point3f physics:localPos1 = (0, 0, 0)
            quatf physics:localRot0 = (-0.38268343, -3.635523e-17, -1.110223e-16, -0.92387956)
            quatf physics:localRot1 = (1, 0, 0, 0)
        }

        def PhysicsRevoluteJoint "wheel_3_RIGHT_H_roller_2_joint" (
            prepend apiSchemas = ["NewtonJointAPI", "PhysicsDriveAPI:angular", "PhysicsJointStateAPI:angular"]
        )
        {
            uniform token drive:angular:physics:type = "force"
            float newton:damping = 0.0000017453292
            uniform token physics:axis = "X"
            custom rel physics:body0
            append rel physics:body0 = </traquad/Geometry/base_link/RH_UPPER_LEG/body_right_H/wheel_3_RIGHT_H>
            custom rel physics:body1
            append rel physics:body1 = </traquad/Geometry/base_link/RH_UPPER_LEG/body_right_H/wheel_3_RIGHT_H/wheel_3_RIGHT_H_roller_2>
            point3f physics:localPos0 = (-5.551115e-17, 0.007, -0.0225)
            point3f physics:localPos1 = (0, 0, 0)
            quatf physics:localRot0 = (-1.8060196e-16, -7.426721e-17, -1.110223e-16, -1)
            quatf physics:localRot1 = (1, 0, 0, 0)
        }

        def PhysicsRevoluteJoint "wheel_3_RIGHT_H_roller_3_joint" (
            prepend apiSchemas = ["NewtonJointAPI", "PhysicsDriveAPI:angular", "PhysicsJointStateAPI:angular"]
        )
        {
            uniform token drive:angular:physics:type = "force"
            float newton:damping = 0.0000017453292
            uniform token physics:axis = "X"
            custom rel physics:body0
            append rel physics:body0 = </traquad/Geometry/base_link/RH_UPPER_LEG/body_right_H/wheel_3_RIGHT_H>
            custom rel physics:body1
            append rel physics:body1 = </traquad/Geometry/base_link/RH_UPPER_LEG/body_right_H/wheel_3_RIGHT_H/wheel_3_RIGHT_H_roller_3>
            point3f physics:localPos0 = (-0.0049497476, 0.0049497476, -0.0225)
            point3f physics:localPos1 = (0, 0, 0)
            quatf physics:localRot0 = (0.38268343, -3.635523e-17, 5.551115e-17, -0.92387956)
            quatf physics:localRot1 = (1, 0, 0, 0)
        }

        def PhysicsRevoluteJoint "wheel_3_RIGHT_H_roller_4_joint" (
            prepend apiSchemas = ["NewtonJointAPI", "PhysicsDriveAPI:angular", "PhysicsJointStateAPI:angular"]
        )
        {
            uniform token drive:angular:physics:type = "force"
            float newton:damping = 0.0000017453292
            uniform token physics:axis = "X"
            custom rel physics:body0
            append rel physics:body0 = </traquad/Geometry/base_link/RH_UPPER_LEG/body_right_H/wheel_3_RIGHT_H>
            custom rel physics:body1
            append rel physics:body1 = </traquad/Geometry/base_link/RH_UPPER_LEG/body_right_H/wheel_3_RIGHT_H/wheel_3_RIGHT_H_roller_4>
            point3f physics:localPos0 = (-0.007, 6.938894e-18, -0.0225)
            point3f physics:localPos1 = (0, 0, 0)
            quatf physics:localRot0 = (0.70710677, 5.47426e-17, -5.551115e-17, -0.70710677)
            quatf physics:localRot1 = (1, 0, 0, 0)
        }

        def PhysicsRevoluteJoint "wheel_3_RIGHT_H_roller_5_joint" (
            prepend apiSchemas = ["NewtonJointAPI", "PhysicsDriveAPI:angular", "PhysicsJointStateAPI:angular"]
        )
        {
            uniform token drive:angular:physics:type = "force"
            float newton:damping = 0.0000017453292
            uniform token physics:axis = "X"
            custom rel physics:body0
            append rel physics:body0 = </traquad/Geometry/base_link/RH_UPPER_LEG/body_right_H/wheel_3_RIGHT_H>
            custom rel physics:body1
            append rel physics:body1 = </traquad/Geometry/base_link/RH_UPPER_LEG/body_right_H/wheel_3_RIGHT_H/wheel_3_RIGHT_H_roller_5>
            point3f physics:localPos0 = (-0.0049497476, -0.0049497476, -0.0225)
            point3f physics:localPos1 = (0, 0, 0)
            quatf physics:localRot0 = (0.9238795, 1.7955641e-16, 5.551115e-17, -0.38268352)
            quatf physics:localRot1 = (1, 0, 0, 0)
        }

        def PhysicsRevoluteJoint "wheel_3_RIGHT_H_roller_6_joint" (
            prepend apiSchemas = ["NewtonJointAPI", "PhysicsDriveAPI:angular", "PhysicsJointStateAPI:angular"]
        )
        {
            uniform token drive:angular:physics:type = "force"
            float newton:damping = 0.0000017453292
            uniform token physics:axis = "X"
            custom rel physics:body0
            append rel physics:body0 = </traquad/Geometry/base_link/RH_UPPER_LEG/body_right_H/wheel_3_RIGHT_H>
            custom rel physics:body1
            append rel physics:body1 = </traquad/Geometry/base_link/RH_UPPER_LEG/body_right_H/wheel_3_RIGHT_H/wheel_3_RIGHT_H_roller_6>
            point3f physics:localPos0 = (0, -0.007, -0.0225)
            point3f physics:localPos1 = (0, 0, 0)
            quatf physics:localRot0 = (1, 0, 0, 0)
            quatf physics:localRot1 = (1, 0, 0, 0)
        }

        def PhysicsRevoluteJoint "wheel_3_RIGHT_H_roller_7_joint" (
            prepend apiSchemas = ["NewtonJointAPI", "PhysicsDriveAPI:angular", "PhysicsJointStateAPI:angular"]
        )
        {
            uniform token drive:angular:physics:type = "force"
            float newton:damping = 0.0000017453292
            uniform token physics:axis = "X"
            custom rel physics:body0
            append rel physics:body0 = </traquad/Geometry/base_link/RH_UPPER_LEG/body_right_H/wheel_3_RIGHT_H>
            custom rel physics:body1
            append rel physics:body1 = </traquad/Geometry/base_link/RH_UPPER_LEG/body_right_H/wheel_3_RIGHT_H/wheel_3_RIGHT_H_roller_7>
            point3f physics:localPos0 = (0.0049497476, -0.0049497476, -0.0225)
            point3f physics:localPos1 = (0, 0, 0)
            quatf physics:localRot0 = (0.9238795, 1.535105e-16, 5.551115e-17, 0.38268352)
            quatf physics:localRot1 = (1, 0, 0, 0)
        }

        def PhysicsRevoluteJoint "joint_wheel_4_RIGHT_H" (
            prepend apiSchemas = ["NewtonJointAPI", "PhysicsDriveAPI:angular", "PhysicsJointStateAPI:angular"]
        )
        {
            float drive:angular:physics:maxForce = 10
            uniform token drive:angular:physics:type = "force"
            float newton:velocityLimit = 5729578
            uniform token physics:axis = "Z"
            custom rel physics:body0
            append rel physics:body0 = </traquad/Geometry/base_link/RH_UPPER_LEG/body_right_H>
            custom rel physics:body1
            append rel physics:body1 = </traquad/Geometry/base_link/RH_UPPER_LEG/body_right_H/wheel_4_RIGHT_H>
            point3f physics:localPos0 = (-5.551115e-17, 0.0417374, -0.0766777)
            point3f physics:localPos1 = (0, 0, 0)
            quatf physics:localRot0 = (-0.49999815, 0.5, -0.50000185, 0.5)
            quatf physics:localRot1 = (1, 0, 0, 0)
            custom float urdf:limit:effort = 10
        }

        def PhysicsRevoluteJoint "LH_HFE" (
            prepend apiSchemas = ["NewtonJointAPI", "PhysicsDriveAPI:angular", "PhysicsJointStateAPI:angular"]
        )
        {
            float drive:angular:physics:maxForce = 5
            uniform token drive:angular:physics:type = "force"
            float newton:velocityLimit = 57295.78
            uniform token physics:axis = "Y"
            custom rel physics:body0
            append rel physics:body0 = </traquad/Geometry/base_link>
            custom rel physics:body1
            append rel physics:body1 = </traquad/Geometry/base_link/LH_UPPER_LEG>
            point3f physics:localPos0 = (-0.235, 0.125, 0)
            point3f physics:localPos1 = (0, 0, 0)
            quatf physics:localRot0 = (1, 0, 0, 0)
            quatf physics:localRot1 = (1, 0, 0, 0)
            float physics:lowerLimit = -359.99994
            float physics:upperLimit = 359.99994
            custom float urdf:limit:effort = 5
        }

        def PhysicsRevoluteJoint "LF_HFE" (
            prepend apiSchemas = ["NewtonJointAPI", "PhysicsDriveAPI:angular", "PhysicsJointStateAPI:angular"]
        )
        {
            float drive:angular:physics:maxForce = 5
            uniform token drive:angular:physics:type = "force"
            float newton:velocityLimit = 57295.78
            uniform token physics:axis = "Y"
            custom rel physics:body0
            append rel physics:body0 = </traquad/Geometry/base_link>
            custom rel physics:body1
            append rel physics:body1 = </traquad/Geometry/base_link/LF_UPPER_LEG>
            point3f physics:localPos0 = (0.235, 0.125, 0)
            point3f physics:localPos1 = (0, 0, 0)
            quatf physics:localRot0 = (1, 0, 0, 0)
            quatf physics:localRot1 = (1, 0, 0, 0)
            float physics:lowerLimit = -359.99994
            float physics:upperLimit = 359.99994
            custom float urdf:limit:effort = 5
        }

        def PhysicsRevoluteJoint "RF_HFE" (
            prepend apiSchemas = ["NewtonJointAPI", "PhysicsDriveAPI:angular", "PhysicsJointStateAPI:angular"]
        )
        {
            float drive:angular:physics:maxForce = 5
            uniform token drive:angular:physics:type = "force"
            float newton:velocityLimit = 57295.78
            uniform token physics:axis = "Y"
            custom rel physics:body0
            append rel physics:body0 = </traquad/Geometry/base_link>
            custom rel physics:body1
            append rel physics:body1 = </traquad/Geometry/base_link/RF_UPPER_LEG>
            point3f physics:localPos0 = (0.235, -0.125, 0)
            point3f physics:localPos1 = (0, 0, 0)
            quatf physics:localRot0 = (0, -1, 0, 0)
            quatf physics:localRot1 = (0, -1, 0, 0)
            float physics:lowerLimit = -359.99994
            float physics:upperLimit = 359.99994
            custom float urdf:limit:effort = 5
        }

        def PhysicsRevoluteJoint "RH_HFE" (
            prepend apiSchemas = ["NewtonJointAPI", "PhysicsDriveAPI:angular", "PhysicsJointStateAPI:angular"]
        )
        {
            float drive:angular:physics:maxForce = 5
            uniform token drive:angular:physics:type = "force"
            float newton:velocityLimit = 57295.78
            uniform token physics:axis = "Y"
            custom rel physics:body0
            append rel physics:body0 = </traquad/Geometry/base_link>
            custom rel physics:body1
            append rel physics:body1 = </traquad/Geometry/base_link/RH_UPPER_LEG>
            point3f physics:localPos0 = (-0.235, -0.125, 0)
            point3f physics:localPos1 = (0, 0, 0)
            quatf physics:localRot0 = (0, -1, 0, 0)
            quatf physics:localRot1 = (0, -1, 0, 0)
            float physics:lowerLimit = -359.99994
            float physics:upperLimit = 359.99994
            custom float urdf:limit:effort = 5
        }
    }
}

